study,module,module_label,topic_label,odds_ratio,ci_lower,ci_upper,fold_enrichment,p_value,p_adj,n_overlap,n_module,n_syngo,n_background,pct_module
Wang,MEF2C_+_+,MEF2C (+),SYN,6.369412631372804,5.41720183646593,7.4810886014141404,3.6644109426395537,1.7870951750569357e-98,5.00386649015942e-97,291,741,1589,14827,39.27125506072874
GandalIsoforms,IsoformM4_yellow,MARCH4,SYN,5.192505284249299,4.251296467844043,6.32859652983977,3.333609157736737,3.8565456999296055e-52,3.7455037835181623e-51,177,478,1522,13702,37.029288702928866
GandalIsoforms,IsoformM3_brown,PRKCE,SYN,3.823773591956447,3.2464842076438254,4.493397768952722,2.664262260121245,4.013039768055174e-52,3.7455037835181623e-51,248,838,1522,13702,29.594272076372313
Wen,M88-xx,FBXO41,SYN,3.148587044753359,2.673076316359313,3.70031693896111,2.358411727328658,1.018347030668298e-38,7.128429214678086e-38,233,926,1499,14050,25.161987041036717
Wamsley,JUND_(+),JUND (+),MORPH,2.24615223140327,1.9713467247588086,2.556379106471221,1.698988940770589,1.284341499713679e-32,7.192312398396602e-32,405,1906,1407,11250,21.24868835257083
Wang,ZBTB18_+_+,ZBTB18 (+),MORPH,4.141995513447331,3.137117859303734,5.432867414641869,3.014639105388004,1.819412556567445e-21,8.490591930648078e-21,84,260,1589,14827,32.30769230769231
Wang,THRB_-_+,THRB (-),MORPH,2.708437256063983,2.1645465442918055,3.368955954971172,2.2089775368926676,7.552256942973005e-17,3.020902777189202e-16,116,490,1589,14827,23.6734693877551
Wang,SOX11_+_+,SOX11 (+),MORPH,3.3363254098532376,2.4867893415872224,4.435615442553578,2.6082788660228045,1.231518277619018e-14,4.310313971666563e-14,71,254,1589,14827,27.95275590551181
Wen,M84-gene,SRCIN1,SYN,3.0583360793578778,2.2717744092426937,4.076688860125122,2.451377841638015,1.2578321454522047e-12,3.9132555636290814e-12,68,260,1499,14050,26.153846153846157
Wen,M112-xx,RBM27,GR,0.5125216065418879,0.40492330047758535,0.6418298462542071,0.5686496716081293,2.8338895564510584e-10,7.934890758062963e-10,87,1434,1499,14050,6.066945606694561
Wamsley,CUX1_(+),CUX1 (+),GR,1.4699389326965047,1.3020144423119324,1.6581405747118076,1.2608255885954123,4.469820767694388e-10,1.1377725590494805e-9,480,3044,1407,11250,15.768725361366624
Wamsley,ZEB1_(+),ZEB1 (+),MORPH,1.5106767388513178,1.315570484119897,1.7316265310993235,1.3278412797985617,6.105705167190953e-9,1.4246645390112223e-8,324,1951,1407,11250,16.60686827268068
GandalIsoforms,IsoformM41_maroon,FMN2,GR,2.1444533329047086,1.6531439530821568,2.756727548044515,1.858751577199417,1.7026859002693812e-8,3.6673234775032826e-8,83,402,1522,13702,20.64676616915423
Wen,M6-iso,TNRC6C,GR,1.4948650304569155,1.2954012567408932,1.7210962177886404,1.3444559432338932,4.7598582415517426e-8,9.519716483103485e-8,281,1959,1499,14050,14.344053088310362
Wang,BHLHE22_-_+,BHLHE22 (-),MORPH,7.833181983133413,3.496236744119235,17.444179756987925,4.504633145982075,4.0718632579092717e-7,7.600811414763974e-7,14,29,1589,14827,48.275862068965516
Wamsley,NR3C1_(+),NR3C1 (+),GR,1.5724862263581878,1.2933348164687133,1.902404893366941,1.4218969533747654,6.420482988548312e-6,1.1235845229959547e-5,146,821,1407,11250,17.783191230207066
Wang,LHX9_+_+,LHX9 (+),MORPH,2.9132430595811503,1.8186119196765076,4.543880637992165,2.396960756577618,1.2030793524072611e-5,1.98154246278843e-5,28,109,1589,14827,25.688073394495415
Wen,M11-iso,VEZF1,GR,1.326723843834429,1.141029923939068,1.5382247364134767,1.237265217041246,2.353390085722986e-4,3.660829022235756e-4,245,1856,1499,14050,13.20043103448276
Wen,M1-tr2,SPEN,GR,1.6937219990127725,1.2672289279592386,2.2345081620834386,1.5540584914986504,3.0578345633960706e-4,4.5062825144784194e-4,64,386,1499,14050,16.580310880829018
GandalIsoforms,IsoformM12_lightgreen,TTBK1,GR,1.853075800734586,1.3035908249915489,2.585935878143051,1.6740424191744225,5.787350460334113e-4,8.102290644467757e-4,45,242,1522,13702,18.59504132231405
Wamsley,FOXP2_(+),FOXP2 (+),MORPH,1.3795389264897042,1.1344628227821865,1.6687792362568785,1.2861531967352697,0.0012413769950287484,0.0016551693267049979,143,889,1407,11250,16.085489313835772
Wamsley,TCF4_(+),TCF4 (+),MORPH,6.016099969834543,1.6677161221885524,20.93829265385462,3.690339511235034,0.002969507766331568,0.0037793735207856316,6,13,1407,11250,46.15384615384615
Wamsley,NRF1_(+),NRF1 (+),GR,0.7965352378971191,0.6641868707097859,0.950417283189855,0.8383053921783632,0.010652294481500664,0.012968010673131244,158,1507,1407,11250,10.484406104844062
Wamsley,MZF1_(+),MZF1 (+),MORPH,0.7433328455098446,0.2303266105903656,1.8652464772591004,0.7688207315072988,0.6756165469492158,0.7794123316571765,5,52,1407,11250,9.615384615384617
Wen,M2-gene,EP300,GR,1.0485655872294224,0.7835518988181127,1.3820889089625843,1.041435030761248,0.7222954465250548,0.7794123316571765,60,540,1499,14050,11.11111111111111
Wen,M56-xx,NDUFV1,GR,0.9678541385840677,0.8244618083686316,1.1320287867822125,0.9751618924400779,0.7237400222530925,0.7794123316571765,206,1980,1499,14050,10.404040404040405
Wamsley,ZNF281_(+),ZNF281 (+),MORPH,1.0178663647902955,0.6316974834840758,1.5746419602536474,1.015331505736623,0.9117243013278177,0.9454918680436627,24,189,1407,11250,12.698412698412698
Wamsley,SREBF2_(+),SREBF2 (+),GR,0.994326087145109,0.863449315632947,1.1424976514016478,0.9960674035072452,0.9720438237160913,0.9720438237160913,293,2352,1407,11250,12.45748299319728
