study,module,module_label,topic_label,hotnet_group,odds_ratio,ci_lower,ci_upper,fold_enrichment,p_value,p_adj,n_overlap,n_module,n_hotnet,n_background,pct_module
Wang,MEF2C_+_+,MEF2C (+),SYN,Active zone,3.5474549449869914,2.2966294969904806,5.443818490716309,2.2666147960837706,6.731745035049552e-9,1.8848886098138744e-7,44,291,106,1589,15.120274914089347
Wen,M88-xx,FBXO41,SYN,Active zone,2.3908516836346583,1.4581478931365441,3.8388186569407803,1.8657081545064378,4.739875564564384e-4,0.006635825790390138,29,233,100,1499,12.446351931330472
Wang,THRB_-_+,THRB (-),MORPH,Active zone,0.11336398369620274,0.0028211938356140238,0.6591452245983538,0.12922901756668834,0.005552793945844591,0.05182607682788286,1,116,106,1589,0.8620689655172413
Wamsley,SREBF2_(+),SREBF2 (+),GR,Active zone,0.5622861254082983,0.28335061987270127,1.0327339155103188,0.6370063383715261,0.06987670575848681,0.4134303446837488,13,293,98,1407,4.436860068259386
GandalIsoforms,IsoformM4_yellow,MARCH4,SYN,Active zone,1.6774575098824958,0.9240283070084563,2.903423616345224,1.5027151555043607,0.07758191541783334,0.4134303446837488,18,177,103,1522,10.16949152542373
GandalIsoforms,IsoformM3_brown,PRKCE,SYN,Active zone,1.5251877691382956,0.8952057540049625,2.5131006337298203,1.3704196680238019,0.09659952953050002,0.4134303446837488,23,248,103,1522,9.274193548387096
Wamsley,JUND_(+),JUND (+),MORPH,Active zone,0.6571407671956344,0.37942139425345517,1.0945462992246213,0.7444444444444444,0.10559100333975424,0.4134303446837488,21,405,98,1407,5.185185185185185
Wen,M84-gene,SRCIN1,SYN,Active zone,1.9394924237128228,0.777266489111508,4.2370493927021355,1.7635294117647058,0.12756878552326925,0.4134303446837488,8,68,100,1499,11.76470588235294
Wamsley,NRF1_(+),NRF1 (+),GR,Active zone,0.496622397678872,0.17463183202291935,1.1505547328984052,0.5452079566003617,0.13288832507691925,0.4134303446837488,6,158,98,1407,3.79746835443038
Wamsley,FOXP2_(+),FOXP2 (+),MORPH,Active zone,1.524016093531416,0.7762256352136957,2.79948294156682,1.4055944055944056,0.16536647170692237,0.441298193745205,14,143,98,1407,9.79020979020979
Wamsley,ZEB1_(+),ZEB1 (+),MORPH,Active zone,1.3685910603378797,0.8334710324232427,2.196111755391451,1.2407407407407407,0.17336714754275911,0.441298193745205,28,324,98,1407,8.641975308641975
Wamsley,CUX1_(+),CUX1 (+),GR,Active zone,1.300758073206937,0.8309623135908887,2.0175864962113703,1.1665178571428572,0.22552891109790113,0.514158382509518,39,480,98,1407,8.125
Wang,BHLHE22_-_+,BHLHE22 (-),MORPH,Active zone,2.355539978876095,0.25281773727181805,10.791654058219297,2.141509433962264,0.23871639187941907,0.514158382509518,2,14,106,1589,14.285714285714285
Wen,M112-xx,RBM27,GR,Active zone,0.4843460103115064,0.09615528311522142,1.5095640586465182,0.516896551724138,0.27148597917317835,0.5429719583463567,3,87,100,1499,3.4482758620689653
Wamsley,NR3C1_(+),NR3C1 (+),GR,Active zone,1.3519983117757017,0.6729991577343676,2.5221214797203286,1.2783757338551858,0.30591342704714714,0.5710383971546746,13,146,98,1407,8.904109589041095
Wamsley,TCF4_(+),TCF4 (+),MORPH,Active zone,2.6857190616251208,0.056272080476804674,24.345078189817748,2.392857142857143,0.3520735291019867,0.6010060419500606,1,6,98,1407,16.666666666666664
GandalIsoforms,IsoformM41_maroon,FMN2,GR,Active zone,0.5022999218080065,0.09967604122241067,1.5667236035646122,0.5340975552696221,0.36489652546967966,0.6010060419500606,3,83,103,1522,3.614457831325301
Wen,M6-iso,TNRC6C,GR,Active zone,1.2412713476026984,0.7219866750931418,2.0589282309285375,1.173594306049822,0.42550764221402537,0.630787792551963,22,281,100,1499,7.829181494661921
Wen,M2-gene,EP300,GR,Active zone,0.47202654902732233,0.05503236947625185,1.831930822821248,0.49966666666666665,0.4280345735174035,0.630787792551963,2,60,100,1499,3.3333333333333335
GandalIsoforms,IsoformM12_lightgreen,TTBK1,GR,Active zone,1.3576538198587855,0.3462274709949398,3.862212166331238,1.3134843581445523,0.5410088328450319,0.7574123659830446,4,45,103,1522,8.88888888888889
Wen,M11-iso,VEZF1,GR,Active zone,0.8232172303212916,0.4244334851985871,1.4892828411935812,0.8565714285714285,0.5775413167503587,0.7700550890004783,14,245,100,1499,5.714285714285714
Wamsley,ZNF281_(+),ZNF281 (+),MORPH,Active zone,1.218562740131046,0.13692873581753723,5.080282511154749,1.1964285714285714,0.6814065355698095,0.8672446816343029,2,24,98,1407,8.333333333333332
Wen,M56-xx,NDUFV1,GR,Active zone,0.8470904830197749,0.41374647176961654,1.592833092476866,0.8732038834951457,0.7632482601809157,0.929171795002854,12,206,100,1499,5.825242718446602
Wang,SOX11_+_+,SOX11 (+),MORPH,Active zone,1.0628370025277567,0.32678807006801625,2.6932655414472886,1.055673664629285,0.8083113521548132,0.9430299108472822,5,71,106,1589,7.042253521126761
Wang,ZBTB18_+_+,ZBTB18 (+),MORPH,Active zone,0.8798635245142196,0.27191366885968804,2.21259142060322,0.8922955974842766,0.9999999999999997,1,5,84,106,1589,5.952380952380952
Wang,LHX9_+_+,LHX9 (+),MORPH,Active zone,0.5137712094522142,0.012430124097577338,3.1814978446952193,0.535377358490566,0.9999999999999998,1,1,28,106,1589,3.571428571428571
Wen,M1-tr2,SPEN,GR,Active zone,0.9299010288644224,0.24034925827714193,2.5884043191798867,0.936875,1.0000000000000002,1,4,64,100,1499,6.25
Wamsley,MZF1_(+),MZF1 (+),MORPH,Active zone,0,0,14.705877466512886,0,1.0000000000000002,1,0,5,98,1407,0
Wamsley,NR3C1_(+),NR3C1 (+),GR,Postsynaptic organization,2.1417573406815955,1.045194760216893,4.10123430180648,1.842365028203062,0.023244249236778643,0.4614078419415042,13,146,68,1407,8.904109589041095
Wen,M112-xx,RBM27,GR,Postsynaptic organization,2.240992907133601,0.894740551253676,4.921193544311363,1.9976678327502915,0.05675144430527981,0.4614078419415042,8,87,69,1499,9.195402298850574
Wen,M6-iso,TNRC6C,GR,Postsynaptic organization,1.6933578622746264,0.9265302760235526,2.981632908899663,1.468925679509,0.05923881332391583,0.4614078419415042,19,281,69,1499,6.761565836298933
Wen,M11-iso,VEZF1,GR,Postsynaptic organization,1.7227801129549658,0.9166950853153666,3.0937048789525017,1.5074238391008576,0.06591540599164346,0.4614078419415042,17,245,69,1499,6.938775510204081
Wang,BHLHE22_-_+,BHLHE22 (-),MORPH,Postsynaptic organization,3.4245652363336414,0.36573798180727296,15.818728300188816,3.0266666666666664,0.13877191400116032,0.7771227184064977,2,14,75,1589,14.285714285714285
Wamsley,CUX1_(+),CUX1 (+),GR,Postsynaptic organization,1.373406345158588,0.8046162088106176,2.3158091910862213,1.206985294117647,0.23779414541675534,1,28,480,68,1407,5.833333333333333
Wamsley,SREBF2_(+),SREBF2 (+),GR,Postsynaptic organization,1.392515455156921,0.7518972886312008,2.475254741559167,1.2711302951214616,0.28261738010192994,1,18,293,68,1407,6.143344709897611
GandalIsoforms,IsoformM3_brown,PRKCE,SYN,Postsynaptic organization,0.6517778289306349,0.2660286874510271,1.3893661454451,0.7013824884792627,0.32074127997187757,1,8,248,70,1522,3.225806451612903
Wen,M2-gene,EP300,GR,Postsynaptic organization,1.5093818283396148,0.38577114349461933,4.275894764526613,1.4483091787439613,0.35272119985399775,1,4,60,69,1499,6.666666666666667
Wang,MEF2C_+_+,MEF2C (+),SYN,Postsynaptic organization,0.7576033176212447,0.355540162335059,1.47225729153876,0.8008705612829323,0.44872094742378804,1,11,291,75,1589,3.7800687285223367
Wang,THRB_-_+,THRB (-),MORPH,Postsynaptic organization,1.3266347482158145,0.5017330299845355,2.981402980115991,1.2785057471264367,0.4915773199860471,1,7,116,75,1589,6.0344827586206895
Wang,SOX11_+_+,SOX11 (+),MORPH,Postsynaptic organization,1.2165691647621517,0.31337968081311707,3.4044657305309016,1.1936150234741785,0.5741021397752544,1,4,71,75,1589,5.633802816901409
Wang,ZBTB18_+_+,ZBTB18 (+),MORPH,Postsynaptic organization,1.2972308359267455,0.39732686106217324,3.305946307044731,1.261111111111111,0.5920016926395535,1,5,84,75,1589,5.952380952380952
Wamsley,NRF1_(+),NRF1 (+),GR,Postsynaptic organization,0.7558668518496559,0.2626896110436659,1.78186895243797,0.785740878629933,0.6932221094086026,1,6,158,68,1407,3.79746835443038
GandalIsoforms,IsoformM4_yellow,MARCH4,SYN,Postsynaptic organization,1.1275100348292875,0.4832310629674725,2.3389979608618416,1.1055690072639226,0.7032091533176505,1,9,177,70,1522,5.084745762711865
GandalIsoforms,IsoformM12_lightgreen,TTBK1,GR,Postsynaptic organization,0.4639382594007907,0.011324856740051339,2.812399202834917,0.4831746031746032,0.7194500304273643,1,1,45,70,1522,2.2222222222222223
Wen,M1-tr2,SPEN,GR,Postsynaptic organization,0.6587698720804253,0.07643620224709662,2.5791674577698256,0.6788949275362318,0.7655166188746714,1,2,64,69,1499,3.125
Wamsley,JUND_(+),JUND (+),MORPH,Postsynaptic organization,0.88565973283402,0.4798384258757173,1.5681857393843202,0.919607843137255,0.7837980450247155,1,18,405,68,1407,4.444444444444445
Wamsley,FOXP2_(+),FOXP2 (+),MORPH,Postsynaptic organization,0.8491828028130597,0.29462591840588465,2.006463277516741,0.8681612505141918,0.8388229637262155,1,6,143,68,1407,4.195804195804196
Wen,M56-xx,NDUFV1,GR,Postsynaptic organization,1.0670725178727531,0.47840586405566077,2.1489422017398008,1.0545940621922048,0.8576844619237399,1,10,206,69,1499,4.854368932038835
GandalIsoforms,IsoformM41_maroon,FMN2,GR,Postsynaptic organization,0.7680064486168848,0.15117842392243552,2.427645504253361,0.7858864027538727,0.9999999999999994,1,3,83,70,1522,3.614457831325301
Wamsley,ZEB1_(+),ZEB1 (+),MORPH,Postsynaptic organization,0.943447553209587,0.4868293161825358,1.7276420143124152,0.9579248366013071,0.9999999999999999,1,15,324,68,1407,4.62962962962963
Wang,LHX9_+_+,LHX9 (+),MORPH,Postsynaptic organization,0.7443581518963394,0.017938548657731052,4.647473227409321,0.7566666666666666,0.9999999999999999,1,1,28,75,1589,3.571428571428571
Wamsley,TCF4_(+),TCF4 (+),MORPH,Postsynaptic organization,0,0,16.96373018768752,0,1,1,0,6,68,1407,0
Wamsley,MZF1_(+),MZF1 (+),MORPH,Postsynaptic organization,0,0,21.77849411923192,0,1,1,0,5,68,1407,0
Wen,M88-xx,FBXO41,SYN,Postsynaptic organization,0.9174588994967496,0.41203538061190625,1.8435355830784352,0.9323878833115631,1,1,10,233,69,1499,4.291845493562231
Wamsley,ZNF281_(+),ZNF281 (+),MORPH,Postsynaptic organization,0.8540769816981106,0.020430149754971597,5.424880967235497,0.8621323529411764,1,1,1,24,68,1407,4.166666666666666
Wen,M84-gene,SRCIN1,SYN,Postsynaptic organization,0.9545735265363786,0.18699379953053716,3.0429235541585724,0.9584398976982097,1.0000000000000002,1,3,68,69,1499,4.411764705882353
Wang,MEF2C_+_+,MEF2C (+),SYN,Postsynaptic specialization,1.7718894972299102,1.3356039590002893,2.3431972490097834,1.3717150588508724,6.125786286829525e-5,0.0015875082403147727,104,291,414,1589,35.738831615120276
Wen,M88-xx,FBXO41,SYN,Postsynaptic specialization,1.8225332840907746,1.3358092904305174,2.4759373539459673,1.4109974338573943,1.1339344573676948e-4,0.0015875082403147727,84,233,383,1499,36.05150214592275
Wen,M84-gene,SRCIN1,SYN,Postsynaptic specialization,2.260865057776096,1.3272242100199243,3.813826055271673,1.6691368453386577,0.0016030923995056293,0.014962195728719208,29,68,383,1499,42.64705882352941
GandalIsoforms,IsoformM4_yellow,MARCH4,SYN,Postsynaptic specialization,1.539516746518195,1.081525982304559,2.1749664164778277,1.302859099469269,0.013691293607278786,0.0958390552509515,60,177,396,1522,33.89830508474576
GandalIsoforms,IsoformM12_lightgreen,TTBK1,GR,Postsynaptic specialization,1.9374108866882322,0.9928985043402903,3.6964694263502285,1.5373737373737375,0.037729232175256436,0.20919503583155658,18,45,396,1522,40
Wamsley,ZEB1_(+),ZEB1 (+),MORPH,Postsynaptic specialization,1.3243302791541776,0.9966842898112865,1.7528223616823009,1.1642339390328666,0.044827507678190694,0.20919503583155658,100,324,373,1407,30.864197530864196
Wen,M1-tr2,SPEN,GR,Postsynaptic specialization,1.5578643593539554,0.8730606335064929,2.7113952193244435,1.3453818537859008,0.1072790222695115,0.429116089078046,22,64,383,1499,34.375
Wen,M112-xx,RBM27,GR,Postsynaptic specialization,0.641824584916347,0.3436107156384647,1.1329207919024378,0.7197863209387474,0.12888371709702126,0.4510930098395744,16,87,383,1499,18.39080459770115
Wang,SOX11_+_+,SOX11 (+),MORPH,Postsynaptic specialization,1.380827499004288,0.7906323202232737,2.350099264212229,1.2433489827856026,0.21489115859561858,0.6685502711863689,23,71,414,1589,32.3943661971831
Wen,M2-gene,EP300,GR,Postsynaptic specialization,1.3682946058179692,0.7400332462823495,2.4476524263549955,1.2393820713664057,0.2901514768844507,0.8007256355961068,19,60,383,1499,31.666666666666664
Wamsley,FOXP2_(+),FOXP2 (+),MORPH,Postsynaptic specialization,1.216811454742759,0.8123681918468819,1.7989130340274158,1.1342732334689438,0.3181025655817569,0.8007256355961068,43,143,373,1407,30.069930069930066
Wang,BHLHE22_-_+,BHLHE22 (-),MORPH,Postsynaptic specialization,1.5833037431369152,0.41433795173504945,5.296892927270098,1.3707729468599035,0.3751898563652778,0.8007256355961068,5,14,414,1589,35.714285714285715
Wen,M11-iso,VEZF1,GR,Postsynaptic specialization,0.8631405276996591,0.6136835646021584,1.2005956402621891,0.9105664197794,0.423203379599959,0.8007256355961068,57,245,383,1499,23.26530612244898
Wamsley,JUND_(+),JUND (+),MORPH,Postsynaptic specialization,0.8917079269030812,0.6767053551446507,1.1698012298326377,0.9407010227385564,0.42365424782117517,0.8007256355961068,101,405,373,1407,24.938271604938272
GandalIsoforms,IsoformM3_brown,PRKCE,SYN,Postsynaptic specialization,0.8680245207539175,0.6202426697000463,1.2019655444987054,0.9143654284783318,0.4289601619264858,0.8007256355961068,59,248,396,1522,23.790322580645164
Wang,THRB_-_+,THRB (-),MORPH,Postsynaptic specialization,0.8514091719858302,0.5235580239927241,1.3461818766436666,0.8933658170914542,0.5117758989398548,0.8956078231447459,27,116,414,1589,23.275862068965516
Wamsley,MZF1_(+),MZF1 (+),MORPH,Postsynaptic specialization,1.8516589534506294,0.15408744834969182,16.225551044945306,1.5088471849865954,0.6128693668752278,0.93660903747505,2,5,373,1407,40
Wamsley,NR3C1_(+),NR3C1 (+),GR,Postsynaptic specialization,0.8974001956712733,0.5857662056516897,1.3487330319571553,0.9301112784163943,0.6219593358708556,0.93660903747505,36,146,373,1407,24.65753424657534
Wamsley,ZNF281_(+),ZNF281 (+),MORPH,Postsynaptic specialization,0.7260006298400276,0.2103236253740626,2.029224265733868,0.7858579088471851,0.6450386402096647,0.93660903747505,5,24,373,1407,20.833333333333336
Wang,LHX9_+_+,LHX9 (+),MORPH,Postsynaptic specialization,0.7708514017552197,0.25386881603358286,1.978164126152467,0.822463768115942,0.6690064553393215,0.93660903747505,6,28,414,1589,21.428571428571427
Wen,M56-xx,NDUFV1,GR,Postsynaptic specialization,0.9240446052120312,0.64233511967142,1.3123539169158993,0.9499607087632134,0.7308502926750846,0.9547938856787074,50,206,383,1499,24.271844660194176
Wamsley,CUX1_(+),CUX1 (+),GR,Postsynaptic specialization,1.0454520918148602,0.8076848006930922,1.3499771219850085,1.0216152815013404,0.750195195890413,0.9547938856787074,130,480,373,1407,27.083333333333332
Wen,M6-iso,TNRC6C,GR,Postsynaptic specialization,0.9592479167841284,0.7000612243144543,1.3037399200101967,0.9749774676416753,0.8202198653771948,0.961173465575257,70,281,383,1499,24.91103202846975
Wamsley,SREBF2_(+),SREBF2 (+),GR,Postsynaptic specialization,0.9634516396372257,0.7083329065776102,1.3013600559376988,0.978433328148304,0.8238629704930773,0.961173465575257,76,293,373,1407,25.938566552901023
Wamsley,NRF1_(+),NRF1 (+),GR,Postsynaptic specialization,0.9679187429018986,0.6464668661323596,1.4265736518727918,0.9788407370957343,0.9239257495715358,1,41,158,373,1407,25.949367088607595
Wang,ZBTB18_+_+,ZBTB18 (+),MORPH,Postsynaptic specialization,1.007483831381422,0.5815506800274893,1.688464445058244,1.0052334943639292,0.9999999999999998,1,22,84,414,1589,26.190476190476193
GandalIsoforms,IsoformM41_maroon,FMN2,GR,Postsynaptic specialization,0.961084960336252,0.5484929617390856,1.6247910449223364,0.9724351953267616,1,1,21,83,396,1522,25.301204819277107
Wamsley,TCF4_(+),TCF4 (+),MORPH,Postsynaptic specialization,0.5534032831736289,0.011669724529584993,4.968954379173541,0.628686327077748,1,1,1,6,373,1407,16.666666666666664
Wang,MEF2C_+_+,MEF2C (+),SYN,Presynaptic ion channels,4.764901552456763,2.5483737506706734,8.91241128855885,2.7302405498281788,3.9533141137359597e-7,1.1069279518460686e-5,24,291,48,1589,8.24742268041237
GandalIsoforms,IsoformM3_brown,PRKCE,SYN,Presynaptic ion channels,3.7519020718607883,1.9043167365291345,7.243727722128821,2.5106304985337244,6.753235231594689e-5,9.454529324232564e-4,18,248,44,1522,7.258064516129033
Wen,M88-xx,FBXO41,SYN,Presynaptic ion channels,3.0391648082674614,1.4829274363782112,6.000358329919966,2.2442359516917856,0.0018435129922462767,0.01720612126096525,15,233,43,1499,6.437768240343347
Wamsley,SREBF2_(+),SREBF2 (+),GR,Presynaptic ion channels,0.19474572220216707,0.02262964732477184,0.7613191742941179,0.2401023890784983,0.009219882403156373,0.06453917682209462,2,293,40,1407,0.6825938566552902
Wen,M56-xx,NDUFV1,GR,Presynaptic ion channels,0.14539251834076153,0.0035805892570578294,0.865851676807449,0.16922555881688867,0.022775773205450232,0.12754432995052128,1,206,43,1499,0.48543689320388345
Wang,THRB_-_+,THRB (-),MORPH,Presynaptic ion channels,0,0,0.9980624704208565,0,0.04498004990229136,0.1859225028191426,0,116,48,1589,0
Wen,M6-iso,TNRC6C,GR,Presynaptic ion channels,0.3179706274494971,0.06248225824667135,1.0098884219946134,0.37217578415956304,0.04648062570478565,0.1859225028191426,3,281,43,1499,1.0676156583629894
Wang,BHLHE22_-_+,BHLHE22 (-),MORPH,Presynaptic ion channels,5.5260066778271835,0.5844851520338907,25.934045947163828,4.729166666666666,0.06454584085143496,0.22591044298002236,2,14,48,1589,14.285714285714285
Wamsley,ZEB1_(+),ZEB1 (+),MORPH,Presynaptic ion channels,1.8350147003523978,0.8743448596608592,3.6978180897786177,1.5199074074074073,0.08458172000870334,0.263143128915966,14,324,40,1407,4.320987654320987
Wen,M11-iso,VEZF1,GR,Presynaptic ion channels,0.37641383436996595,0.0738951218996109,1.1970559756809582,0.4268628381585192,0.09734913133040078,0.27257756772512215,3,245,43,1499,1.2244897959183674
Wamsley,JUND_(+),JUND (+),MORPH,Presynaptic ion channels,0.516654327731189,0.19129609498608247,1.2006469245164135,0.6079629629629629,0.15472272879474502,0.35211928359065636,7,405,40,1407,1.728395061728395
Wamsley,TCF4_(+),TCF4 (+),MORPH,Presynaptic ion channels,6.959259103980691,0.14402110356375705,64.40860394544677,5.8625,0.15916522617496823,0.35211928359065636,1,6,40,1407,16.666666666666664
Wen,M112-xx,RBM27,GR,Presynaptic ion channels,0,0,1.44072830486562,0,0.17278735209645552,0.35211928359065636,0,87,43,1499,0
Wang,ZBTB18_+_+,ZBTB18 (+),MORPH,Presynaptic ion channels,0,0,1.4173053814697043,0,0.17605964179532818,0.35211928359065636,0,84,48,1589,0
Wang,SOX11_+_+,SOX11 (+),MORPH,Presynaptic ion channels,0,0,1.6981956804335905,0,0.27108404868658403,0.5060235575482902,0,71,48,1589,0
Wamsley,NRF1_(+),NRF1 (+),GR,Presynaptic ion channels,0.40875583588632486,0.04732053606808049,1.6087771331739689,0.445253164556962,0.3072015471749901,0.5376027075562326,2,158,40,1407,1.2658227848101267
GandalIsoforms,IsoformM12_lightgreen,TTBK1,GR,Presynaptic ion channels,1.5885364958277974,0.18049614367073694,6.464206013758761,1.5373737373737375,0.3765169745924902,0.6098089066399901,2,45,44,1522,4.444444444444445
Wamsley,CUX1_(+),CUX1 (+),GR,Presynaptic ion channels,0.7264266577968883,0.3243817709336539,1.5141600497213554,0.8060937499999999,0.4033833951048214,0.6098089066399901,11,480,40,1407,2.2916666666666665
Wen,M2-gene,EP300,GR,Presynaptic ion channels,0,0,2.14938227929298,0,0.413798900934279,0.6098089066399901,0,60,43,1499,0
GandalIsoforms,IsoformM4_yellow,MARCH4,SYN,Presynaptic ion channels,0.5485348229731134,0.10751239277946523,1.748528794290882,0.5862865947611711,0.47173914075284656,0.6604347970539851,3,177,44,1522,1.694915254237288
GandalIsoforms,IsoformM41_maroon,FMN2,GR,Presynaptic ion channels,0.39608136293283414,0.00968521134971512,2.392237545229297,0.41675794085432644,0.5111154888222349,0.6814873184296465,1,83,44,1522,1.2048192771084338
Wamsley,FOXP2_(+),FOXP2 (+),MORPH,Presynaptic ion channels,1.272017617957814,0.38267049543263,3.3361882670156104,1.229895104895105,0.5933896326563346,0.7552231688353349,5,143,40,1407,3.4965034965034967
Wamsley,ZNF281_(+),ZNF281 (+),MORPH,Presynaptic ion channels,0,0,5.826061639687242,0,0.9999999999999996,1,0,24,40,1407,0
Wamsley,NR3C1_(+),NR3C1 (+),GR,Presynaptic ion channels,0.9585545236662654,0.24427733356042788,2.7318010204281844,0.9636986301369863,0.9999999999999998,1,4,146,40,1407,2.73972602739726
Wang,LHX9_+_+,LHX9 (+),MORPH,Presynaptic ion channels,0,0,4.6049521772801905,0,0.9999999999999998,1,0,28,48,1589,0
Wen,M84-gene,SRCIN1,SYN,Presynaptic ion channels,1.0273343648125859,0.11787408259237521,4.107075169637938,1.0253077975376197,0.9999999999999999,1,2,68,43,1499,2.941176470588235
Wen,M1-tr2,SPEN,GR,Presynaptic ion channels,0.5266090777768812,0.012824515973863321,3.209716698596255,0.5446947674418605,1,1,1,64,43,1499,1.5625
Wamsley,MZF1_(+),MZF1 (+),MORPH,Presynaptic ion channels,0,0,38.23018728821753,0,1.0000000000000002,1,0,5,40,1407,0
Wang,MEF2C_+_+,MEF2C (+),SYN,Presynaptic membrane,1.9123162877347406,1.292205733723007,2.795287046025048,1.550506978914768,8.347388748967894e-4,0.023372688497110102,46,291,162,1589,15.807560137457044
Wen,M56-xx,NDUFV1,GR,Presynaptic membrane,0.46478125218584854,0.22260679167117028,0.8783584209389448,0.5300906577509162,0.01255458600669502,0.14228591091632664,11,206,151,1499,5.339805825242718
Wamsley,JUND_(+),JUND (+),MORPH,Presynaptic membrane,0.5800802538249937,0.3563323215643808,0.9151295176069553,0.684287317620651,0.015244919026749282,0.14228591091632664,26,405,132,1407,6.419753086419753
Wen,M88-xx,FBXO41,SYN,Presynaptic membrane,1.6046766514276556,1.0260864580278475,2.456491152610994,1.4059915300002843,0.032245737565431525,0.22572016295802066,33,233,151,1499,14.163090128755366
GandalIsoforms,IsoformM41_maroon,FMN2,GR,Presynaptic membrane,0.322409306246616,0.0643296724678985,0.996633989260605,0.3595558705409875,0.05721211269710676,0.31029752917184444,3,83,153,1522,3.614457831325301
Wamsley,MZF1_(+),MZF1 (+),MORPH,Presynaptic membrane,6.506089800943845,0.5388834247634563,57.34577001882404,4.263636363636364,0.0723228053757702,0.31029752917184444,2,5,132,1407,40
Wang,THRB_-_+,THRB (-),MORPH,Presynaptic membrane,0.46066405243327907,0.16273954634602852,1.0599922600802654,0.5073435504469987,0.07757438229296111,0.31029752917184444,6,116,162,1589,5.172413793103448
Wamsley,TCF4_(+),TCF4 (+),MORPH,Presynaptic membrane,4.87865302664676,0.43739713208472913,34.38388369740715,3.5530303030303028,0.10194940606946398,0.3316735591760486,2,6,132,1407,33.33333333333333
GandalIsoforms,IsoformM3_brown,PRKCE,SYN,Presynaptic membrane,1.411341582447534,0.9000547265152814,2.1630779885853895,1.2835757959097618,0.10660935830658706,0.3316735591760486,32,248,153,1522,12.903225806451612
Wen,M6-iso,TNRC6C,GR,Presynaptic membrane,0.7172286698316167,0.42563413710891795,1.1602511437937955,0.7772147722184252,0.18726542901721763,0.45731030598560296,22,281,151,1499,7.829181494661921
Wen,M112-xx,RBM27,GR,Presynaptic membrane,0.528914291052441,0.1646158118889932,1.315929237531334,0.5705259952805054,0.20022639298970984,0.45731030598560296,5,87,151,1499,5.747126436781609
Wen,M11-iso,VEZF1,GR,Presynaptic membrane,0.7147564041357148,0.4083589756929096,1.1907888905769228,0.7698607919989188,0.20328610832235508,0.45731030598560296,19,245,151,1499,7.755102040816326
Wen,M84-gene,SRCIN1,SYN,Presynaptic membrane,1.576829483837996,0.7025107946831736,3.2017060887317332,1.4598753408648228,0.21232264206474424,0.45731030598560296,10,68,151,1499,14.705882352941178
Wen,M2-gene,EP300,GR,Presynaptic membrane,0.4592819511582364,0.09087136954129062,1.4401385872827126,0.49635761589403976,0.2701237099754094,0.5402474199508188,3,60,151,1499,5
Wamsley,NRF1_(+),NRF1 (+),GR,Presynaptic membrane,0.6977499613816337,0.33134430707852347,1.333577183372321,0.7420886075949367,0.3122525832792572,0.5828714887879468,11,158,132,1407,6.962025316455696
Wamsley,SREBF2_(+),SREBF2 (+),GR,Presynaptic membrane,0.7855590411605228,0.4684384400875918,1.2694166429528306,0.8367204467887062,0.36771225072845665,0.634882019817724,23,293,132,1407,7.849829351535837
Wamsley,CUX1_(+),CUX1 (+),GR,Presynaptic membrane,0.8252344353624266,0.5444737491494941,1.232554994224103,0.8882575757575757,0.385464083460761,0.634882019817724,40,480,132,1407,8.333333333333332
Wang,SOX11_+_+,SOX11 (+),MORPH,Presynaptic membrane,0.6568762329493716,0.20343684916872848,1.6469361687497146,0.6907494348808902,0.5448685795571315,0.820065611838413,5,71,162,1589,7.042253521126761
GandalIsoforms,IsoformM12_lightgreen,TTBK1,GR,Presynaptic membrane,0.6320654723835498,0.12383250708581758,2.016206931510957,0.6631808278867103,0.6159770192918599,0.820065611838413,3,45,153,1522,6.666666666666667
Wang,BHLHE22_-_+,BHLHE22 (-),MORPH,Presynaptic membrane,1.4735315392118788,0.1587785539107394,6.708229138374427,1.4012345679012344,0.6463658839530585,0.820065611838413,2,14,162,1589,14.285714285714285
Wamsley,FOXP2_(+),FOXP2 (+),MORPH,Presynaptic membrane,1.1486881921006562,0.6042421197357335,2.0494684494004956,1.11808645899555,0.6492639821479571,0.820065611838413,15,143,132,1407,10.48951048951049
Wamsley,ZEB1_(+),ZEB1 (+),MORPH,Presynaptic membrane,0.8905361613403568,0.5532825571176627,1.3943886688669087,0.9211560044893378,0.6646602786398388,0.820065611838413,28,324,132,1407,8.641975308641975
Wen,M1-tr2,SPEN,GR,Presynaptic membrane,0.7483310938296283,0.23065744991086773,1.8899333855092195,0.7755587748344371,0.6736253240101249,0.820065611838413,5,64,151,1499,7.8125
Wang,ZBTB18_+_+,ZBTB18 (+),MORPH,Presynaptic membrane,1.0603679960546701,0.4575012841321099,2.1789475411062638,1.0509259259259258,0.8527862699832286,0.9949173149804335,9,84,162,1589,10.714285714285714
Wamsley,NR3C1_(+),NR3C1 (+),GR,Presynaptic membrane,0.9380422862246979,0.4719420608994628,1.7257841284277526,0.9490971357409712,0.9999999999999999,1,13,146,132,1407,8.904109589041095
GandalIsoforms,IsoformM4_yellow,MARCH4,SYN,Presynaptic membrane,0.9445483178328861,0.5205438930446576,1.620802448537312,0.955430006277464,0.9999999999999999,1,17,177,153,1522,9.6045197740113
Wamsley,ZNF281_(+),ZNF281 (+),MORPH,Presynaptic membrane,0.8762881742452715,0.09879883711084154,3.6313538224035034,0.8882575757575757,0.9999999999999999,1,2,24,132,1407,8.333333333333332
Wang,LHX9_+_+,LHX9 (+),MORPH,Presynaptic membrane,0.6737018214434883,0.07679094843087315,2.7331919448123156,0.7006172839506172,1.0000000000000002,1,2,28,162,1589,7.142857142857142
