module,topic_label,topic,top_topic,gamma,z_score,p_value,p_adj
CUX1_(+),CHR,genomic regulation / RNA processing,yes,0.7113584974575302,0.7267568622614721,0.23368745659274287,0.6776936241189543
NR3C1_(+),CHR,genomic regulation / RNA processing,yes,0.9883456143700494,1.4049734720852705,0.0800145834110601,0.4231470285751703
M2-gene,CHR,genomic regulation / RNA processing,yes,0.9816062731272485,1.3884718628368455,0.08249670346669948,0.4231470285751703
M1-tr2,CHR,genomic regulation / RNA processing,yes,0.9189223086697629,1.2349870858603829,0.10841765521828982,0.4231470285751703
MEF2C_+_+,CHR,genomic regulation / RNA processing,no,1.3194609886382793e-4,-1.0147164086108758,0.8448794849409738,0.8448832907725263
IsoformM12_lightgreen,CHR,genomic regulation / RNA processing,yes,0.6048679002347183,0.46600938551374477,0.3206043912589569,0.8274586699337195
M11-iso,CHR,genomic regulation / RNA processing,yes,0.8938129124999062,1.1735054915722944,0.12029657798238443,0.4231470285751703
IsoformM4_yellow,CHR,genomic regulation / RNA processing,no,7.54636709171213e-4,-1.0131917199560416,0.8445157026617391,0.8448832907725263
ZBTB18_+_+,CHR,genomic regulation / RNA processing,no,0.004259438346946233,-1.0046100403769604,0.8424576696496603,0.8448832907725263
SOX11_+_+,CHR,genomic regulation / RNA processing,no,0.22857768086118108,-0.4553557658264003,0.6755733435275223,0.8448832907725263
JUND_(+),CHR,genomic regulation / RNA processing,no,0.2575843033725946,-0.3843316207274685,0.6496336628173642,0.8448832907725263
M84-gene,CHR,genomic regulation / RNA processing,no,0.08529977575558648,-0.8061787793532803,0.7899301136765413,0.8448832907725263
M6-iso,CHR,genomic regulation / RNA processing,yes,0.8720288370648157,1.1201661090247692,0.13132149162677698,0.4231470285751703
IsoformM3_brown,CHR,genomic regulation / RNA processing,no,3.0293055085458653e-4,-1.014297744751508,0.8447796500715121,0.8448832907725263
SREBF2_(+),CHR,genomic regulation / RNA processing,yes,0.9966140052982889,1.425219034862905,0.07704694784080336,0.4231470285751703
FOXP2_(+),CHR,genomic regulation / RNA processing,no,0.2791655018210995,-0.3314889924824071,0.6298624229151747,0.8448832907725263
IsoformM41_maroon,CHR,genomic regulation / RNA processing,yes,0.9489710707094174,1.308562960966419,0.09534121714559149,0.4231470285751703
ZEB1_(+),CHR,genomic regulation / RNA processing,no,0.02622353249890135,-0.9508298731271804,0.8291546273631533,0.8448832907725263
NRF1_(+),CHR,genomic regulation / RNA processing,yes,0.9680574655960488,1.3552969397090393,0.08766148482364773,0.4231470285751703
THRB_-_+,CHR,genomic regulation / RNA processing,no,0.28445485935318593,-0.3185377398265277,0.6249614639865684,0.8448832907725263
M56-xx,CHR,genomic regulation / RNA processing,yes,0.5803315359025579,0.40593088792782617,0.3423966910070564,0.8274586699337195
LHX9_+_+,CHR,genomic regulation / RNA processing,no,0.07020595831748662,-0.843136735399303,0.8004240121726456,0.8448832907725263
BHLHE22_-_+,CHR,genomic regulation / RNA processing,no,0.08045828759947925,-0.8180334017643803,0.7933309425571685,0.8448832907725263
TCF4_(+),CHR,genomic regulation / RNA processing,no,0.09015305228525254,-0.7942952925284144,0.7864882280496374,0.8448832907725263
MZF1_(+),CHR,genomic regulation / RNA processing,no,0.15843396072335858,-0.6271061223143813,0.7347051628913168,0.8448832907725263
M88-xx,CHR,genomic regulation / RNA processing,no,1.2542651784956674e-4,-1.0147323721263717,0.8448832907725263,0.8448832907725263
M112-xx,CHR,genomic regulation / RNA processing,yes,0.9694659579571163,1.3587457026866607,0.08711359219246384,0.4231470285751703
ZNF281_(+),CHR,genomic regulation / RNA processing,no,0.009863704748830361,-0.9908877178299675,0.8391297948284914,0.8448832907725263
MEIS3_(+),CHR,genomic regulation / RNA processing,no,0.01149415978277821,-0.9868954683061619,0.8381530569711678,0.8448832907725263
CUX1_(+),SYN,synaptic transmission / ion transport,no,0.00305797268239318,-0.6287682195753755,0.735249595597199,0.7379034626362878
NR3C1_(+),SYN,synaptic transmission / ion transport,no,2.3095684974520217e-4,-0.6364065705595385,0.737744270303592,0.7379034626362878
M2-gene,SYN,synaptic transmission / ion transport,no,2.530229207898696e-4,-0.6363469499541162,0.737724845029254,0.7379034626362878
M1-tr2,SYN,synaptic transmission / ion transport,no,9.689670972269341e-4,-0.6344125310373423,0.7370941831149457,0.7379034626362878
MEF2C_+_+,SYN,synaptic transmission / ion transport,yes,0.9983929345804325,2.060540307807166,0.01967345829469161,0.1509844195922696
IsoformM12_lightgreen,SYN,synaptic transmission / ion transport,no,0.3607680168035252,0.3377332184439299,0.3677821197200003,0.7379034626362878
M11-iso,SYN,synaptic transmission / ion transport,no,4.204251204252742e-4,-0.6358946437655307,0.7375774529876462,0.7379034626362878
IsoformM4_yellow,SYN,synaptic transmission / ion transport,yes,0.9896774010437293,2.036991693965401,0.020825437185140634,0.1509844195922696
ZBTB18_+_+,SYN,synaptic transmission / ion transport,no,0.4007335568057324,0.4457166327152694,0.3279009742133234,0.7379034626362878
SOX11_+_+,SYN,synaptic transmission / ion transport,no,0.0010055712356133795,-0.6343136298379788,0.7370619183884923,0.7379034626362878
JUND_(+),SYN,synaptic transmission / ion transport,no,0.3009711548145488,0.17616729640396372,0.4300812563124966,0.7379034626362878
M84-gene,SYN,synaptic transmission / ion transport,yes,0.9031264608531534,1.8031385787652383,0.03568322685266964,0.20696271574548392
M6-iso,SYN,synaptic transmission / ion transport,no,0.002118890418338936,-0.6313055382040902,0.7360796167743234,0.7379034626362878
IsoformM3_brown,SYN,synaptic transmission / ion transport,yes,0.9981445771454228,2.059869267611274,0.019705520203487783,0.1509844195922696
SREBF2_(+),SYN,synaptic transmission / ion transport,no,5.0091328080512544e-5,-0.636895253473675,0.7379034626362878,0.7379034626362878
FOXP2_(+),SYN,synaptic transmission / ion transport,no,0.04818680634560557,-0.5068340347559561,0.6938643632336715,0.7379034626362878
IsoformM41_maroon,SYN,synaptic transmission / ion transport,no,0.0016819025960424314,-0.6324862413059116,0.7364654019262088,0.7379034626362878
ZEB1_(+),SYN,synaptic transmission / ion transport,no,0.19918847368586026,-0.09884065848316716,0.5393676071339404,0.7379034626362878
NRF1_(+),SYN,synaptic transmission / ion transport,no,8.60339210251996e-4,-0.6347060341432678,0.7371899212729935,0.7379034626362878
THRB_-_+,SYN,synaptic transmission / ion transport,no,0.0064492159625141165,-0.6196053750850479,0.7322411864489067,0.7379034626362878
M56-xx,SYN,synaptic transmission / ion transport,no,0.005416827199042458,-0.6223947997626296,0.7331588504925669,0.7379034626362878
LHX9_+_+,SYN,synaptic transmission / ion transport,no,0.0027128903233057475,-0.6297006021063514,0.7355547557239132,0.7379034626362878
BHLHE22_-_+,SYN,synaptic transmission / ion transport,no,0.020167273560813485,-0.5825403761746504,0.7198986233484078,0.7379034626362878
TCF4_(+),SYN,synaptic transmission / ion transport,no,0.01955898934121251,-0.5841839072485772,0.7204517063029288,0.7379034626362878
MZF1_(+),SYN,synaptic transmission / ion transport,no,0.010761484423836946,-0.6079540006338947,0.7283910086053603,0.7379034626362878
M88-xx,SYN,synaptic transmission / ion transport,yes,0.9987245953465299,2.0614364263608267,0.019630711348042954,0.1509844195922696
M112-xx,SYN,synaptic transmission / ion transport,no,1.9859905750216691e-4,-0.6364939985008222,0.7377727542860469,0.7379034626362878
ZNF281_(+),SYN,synaptic transmission / ion transport,no,0.08331823548750449,-0.4119119677261007,0.659798025706586,0.7379034626362878
MEIS3_(+),SYN,synaptic transmission / ion transport,no,0.4801903243615098,0.6604019102609546,0.2544979733220002,0.7379034626362878
CUX1_(+),MORPH,neuron development / morphogenesis,no,0.28558352986007673,-0.17689710856881066,0.5702053950832877,0.8319406589182448
NR3C1_(+),MORPH,neuron development / morphogenesis,no,0.011423428780205157,-0.9335103399653374,0.8247217328610656,0.8319406589182448
M2-gene,MORPH,neuron development / morphogenesis,no,0.01814070395196174,-0.9149723424454075,0.8198969250766107,0.8319406589182448
M1-tr2,MORPH,neuron development / morphogenesis,no,0.08010872423301044,-0.7439561227861126,0.7715484898054581,0.8319406589182448
MEF2C_+_+,MORPH,neuron development / morphogenesis,no,0.001475119320703207,-0.9609651830932713,0.8317151628690811,0.8319406589182448
IsoformM12_lightgreen,MORPH,neuron development / morphogenesis,no,0.034364082961756526,-0.8701998785878916,0.8079044088585251,0.8319406589182448
M11-iso,MORPH,neuron development / morphogenesis,no,0.10576666237966842,-0.6731466380520104,0.7495729971694677,0.8319406589182448
IsoformM4_yellow,MORPH,neuron development / morphogenesis,no,0.0095679622470995,-0.938630963002138,0.8260398750568538,0.8319406589182448
ZBTB18_+_+,MORPH,neuron development / morphogenesis,yes,0.5950070048473214,0.6770342051340417,0.24919212614096362,0.7226571658087945
SOX11_+_+,MORPH,neuron development / morphogenesis,yes,0.7704167479032056,1.1611211747156664,0.12279631236102964,0.5087275797814086
JUND_(+),MORPH,neuron development / morphogenesis,yes,0.4414445418128566,0.25324025802039146,0.40004127937119116,0.8319406589182448
M84-gene,MORPH,neuron development / morphogenesis,no,0.011573763391260324,-0.9330954540814572,0.8246146569726192,0.8319406589182448
M6-iso,MORPH,neuron development / morphogenesis,no,0.12585227251684508,-0.6177153833559352,0.7316185151468999,0.8319406589182448
IsoformM3_brown,MORPH,neuron development / morphogenesis,no,0.0015524923037224115,-0.9607516530337391,0.8316614735203769,0.8319406589182448
SREBF2_(+),MORPH,neuron development / morphogenesis,no,0.003335903373630584,-0.9558298850332289,0.8304209064362331,0.8319406589182448
FOXP2_(+),MORPH,neuron development / morphogenesis,yes,0.6726476918332949,0.8913030605835429,0.18638330359809152,0.6005684227049616
IsoformM41_maroon,MORPH,neuron development / morphogenesis,no,0.04934702669453999,-0.8288507054994595,0.7964055540176391,0.8319406589182448
ZEB1_(+),MORPH,neuron development / morphogenesis,yes,0.7745879938152385,1.1726327689849336,0.1204715513229194,0.5087275797814086
NRF1_(+),MORPH,neuron development / morphogenesis,no,0.031082195193699095,-0.879257067068236,0.8103690456813896,0.8319406589182448
THRB_-_+,MORPH,neuron development / morphogenesis,yes,0.7090959246843,0.9918910568947127,0.16062533606985116,0.5822668432532104
M56-xx,MORPH,neuron development / morphogenesis,no,0.41425163689839956,0.1781946493510548,0.4292850558379973,0.8319406589182448
LHX9_+_+,MORPH,neuron development / morphogenesis,yes,0.9270811513592078,1.5934757006906997,0.055526757635590146,0.4919705088452753
BHLHE22_-_+,MORPH,neuron development / morphogenesis,yes,0.8993744388397072,1.5170121116849216,0.06463181307021588,0.4919705088452753
TCF4_(+),MORPH,neuron development / morphogenesis,yes,0.8902879583735349,1.4919357007832157,0.06785800122003798,0.4919705088452753
MZF1_(+),MORPH,neuron development / morphogenesis,yes,0.8308045548528045,1.3277764012534428,0.09212599257424708,0.5087275797814086
M88-xx,MORPH,neuron development / morphogenesis,no,0.0011499781356206057,-0.9618624913512434,0.8319406589182448,0.8319406589182448
M112-xx,MORPH,neuron development / morphogenesis,no,0.030335442985381586,-0.8813179161821739,0.8109271142072788,0.8319406589182448
ZNF281_(+),MORPH,neuron development / morphogenesis,yes,0.9068180597636651,1.5375546416095287,0.06207877255327503,0.4919705088452753
MEIS3_(+),MORPH,neuron development / morphogenesis,yes,0.508315515855712,0.43778740240030256,0.3307702019344511,0.8319406589182448
