gene_name,BF,FDR,GO_topic
SHANK3,25182913785745597e131,0,SYN
SCN2A,30464875664698e119,0,SYN
ADNP,5062869160550875e61,0,GR
PTEN,149261101847224e59,0,GR
ARID1B,12298789196923744e57,0,GR
SYNGAP1,1776242143339769e55,0,SYN
CHD8,2468983348015974e52,0,GR
GRIN2B,15732252742008028e35,0,SYN
DYRK1A,21551364419355643e30,0,GR
CHD2,19221478907432152e29,0,GR
ANKRD11,1123655960789081e28,0,GR
POGZ,29572486661005247e25,0,GR
STXBP1,5088564767992668e23,0,SYN
FOXP1,10085673121242756e22,0,MORPH
DEAF1,5374187402378975e22,0,MORPH
EHMT1,17191990847877237e21,0,GR
ASXL3,7691142387068562e20,0,GR
KMT2A,6081634240470785e18,0,GR
KDM5B,3.7375328046681627e+33,0,GR
TCF20,4783481584680144e13,0,MORPH
SATB2,15093299387012247e12,0,MORPH
DYNC1H1,10238077202577915e12,0,MORPH
KDM6B,8789018715985806e11,0,GR
NRXN1,4522303853881088e11,0,SYN
PPP2R5D,11779354015640099e8,0,GR
TCF4,3132967244479013e8,0,MORPH
CDK13,2998347809214441e8,0,GR
TLK2,34017294990870474e6,0,GR
CTCF,29278366533028262e6,0,GR
MEF2C,7155433076105542e6,0,MORPH
NAA15,23497713776526636e5,0,MORPH
WAC,54935595124275e7,0,GR
KMT5B,4227019959323047e3,0,GR
CTNNB1,700351529702087200,0,MORPH
AHDC1,5.7606916643026163e+17,0,GR
GIGYF1,411573559441606e3,0,GR
DLG4,315197247196975800,0,SYN
NF1,206345614416793150,0,MORPH
ASH1L,96700475405764192,2.84672570416707e-18,GR
EBF3,28137216198477840,1.38777878078145e-17,MORPH
SLC6A1,18963706319337848,2.97864713923823e-17,SYN
CUL3,3142819341476093,1.13665690616385e-16,GR
HNRNPU,2710447034740369,2.06553120860494e-16,GR
MED13L,1499740306728252,3.73438653737553e-16,GR
KMT2C,1253630829855209.2,5.64980161420357e-16,GR
SETD5,195890752176006.94,1.80531917917308e-15,GR
EP300,31421347488877.184,9.422722649425e-15,GR
TBR1,31207479980154.63,1.67736195303784e-14,MORPH
BCL11A,22186072394784.934,2.68288792542581e-14,MORPH
AUTS2,15396771919173.787,4.0973890946816e-14,MORPH
MARK2,4577307324094.847,8.858926664141321e-14,MORPH
BRAF,3314751671649.495,1.52463511900928e-13,MORPH
MYT1L,2298796259754.8853,2.42361686275672e-13,MORPH
GABRA1,1932847702159.9832,3.46169595046688e-13,SYN
TSC2,1879019431728.1086,4.49248719033593e-13,GR
SCN1A,9.33573E+11,6.57428476737363e-13,SYN
ZEB2,7.95761E+11,8.95091018848186e-13,MORPH
DNMT3A,773609493280.4839,1.13156993354002e-12,GR
BRSK2,769487532663.4717,1.36135923626325e-12,MORPH
CNOT3,504505340234.47034,1.7120749262744499e-12,GR
GATAD2B,359911706416.10803,2.1988494813647398e-12,GR
MBD5,343579646753.0267,2.69400093631039e-12,GR
NR3C2,158220662795.3078,3.7851943801570095e-12,MORPH
PPP3CA,84125636042,5.8254304158289496e-12,SYN
TRIP12,82474291065.85364,7.84427907245362e-12,GR
RAI1,61487571228.227425,1.0510701736575199e-11,MORPH
TBL1XR1,43545720555.82875,1.42279985471614e-11,GR
DLL1,31829460298,1.9241054827854597e-11,MORPH
IRF2BPL,21839266145.65933,2.64630797146623e-11,GR
SRCAP,21540588785,3.3581280613402295e-11,GR
ACTB,12923781603.070232,4.5426621775625695e-11,MORPH
TANC2,10914111469.367838,5.917965654559749e-11,SYN
ZNF292,9276581228.477884,7.506021375223859e-11,GR
TAOK1,3347875150.6767154,1.19670414718861e-10,MORPH
CLTC,2968692590.958658,1.6884079763931e-10,SYN
MED13,1725960521.7579875,2.5278896958148003e-10,GR
AP2S1,1657532291,3.3806783346771903e-10,SYN
RORB,1585962483.1132162,4.25105356898898e-10,MORPH
KCNQ3,1145627847.8440077,5.4461457003797e-10,SYN
SOX5,868282191.9358265,7.005297064655031e-10,MORPH
SON,616178247.5071579,9.18349770714407e-10,GR
SMAD4,468692272.2784504,1.2012521871527302e-9,MORPH
DNM1,331740690.1046163,1.5972880902809802e-9,SYN
CIC,309763534.3,2.01267269120794e-9,GR
SHANK2,292509358.4888778,2.4436059189186504e-9,SYN
PTPN11,250173653.3411899,2.94055467830753e-9,GR
SMARCA2,243014994.0345292,3.4413774154755703e-9,GR
SYNCRIP,147885725.29522485,4.27081197301222e-9,GR
PUF60,103869771.38561569,5.4455258928826e-9,GR
CAMTA1,103815923.71667174,6.594762207928141e-9,MORPH
GRIN1,93168283.00047915,9.04485392501194e-9,SYN
ZBTB20,76474532.93723103,1.05368740674141e-8,MORPH
POU3F3,65503962.47174494,1.22604886916714e-8,MORPH
PHF21A,58876583.549588434,1.41522761521491e-8,GR
TCF12,57451726.262272485,1.6054248170444e-8,MORPH
WDFY3,42539573.06651307,1.86280074744568e-8,MORPH
SMARCA4,39032428.879970506,2.1392858277364e-8,GR
TM9SF4,36042699.534310035,2.43444881885198e-8,MORPH
FOXP2,28278819.697403602,2.80980777667139e-8,MORPH
CSNK2A1,27895671.952126592,3.18316946256071e-8,GR
TUBB2A,26233528.52,3.57437978365842e-8,MORPH
KMT2E,24397949.36562556,3.98946582198975e-8,GR
SPEN,23748315.878027633,4.40875506294654e-8,GR
ZMYM2,21114034.972486936,4.87661240331082e-8,GR
RFX3,15414115.549664784,5.52239705756916e-8,MORPH
RFX7,15181854.96,6.16659545296375e-8,GR
SIN3A,14925628.928118141,6.81069849786767e-8,GR
KCNQ2,14753476.37120503,7.45109010994683e-8,SYN
NSD1,13975061.362299437,8.11863264252563e-8,GR
QRICH1,13293507.52952871,8.8115052855821e-8,GR
ANK2,11323672.764837954,9.6240688909304e-8,SYN
SETD1A,7545562.100837428,1.08645494589089e-7,GR
KCNB1,6258683.554645028,1.23534489708849e-7,SYN
GRIN2A,5392147.251,1.4068826964772e-7,SYN
GRIA2,5330592.226375771,1.57754967554619e-7,SYN
SPTBN1,4764437.9712551925,1.76683497909148e-7,MORPH
PRR12,4125405.488754052,1.98405500599418e-7,GR
NR2F1,4045230.4360231217,2.20218757935091e-7,MORPH
SOX11,3769223.2855309225,2.43373525374291e-7,MORPH
SKI,3536427.088,2.6777700745111e-7,GR
PACS1,3515075.0104872487,2.91939571791212e-7,SYN
CREBBP,3464190.5923274886,3.16093256540455e-7,GR
TCF7L2,3136348.0826595016,3.42607880041056e-7,MORPH
CHD7,2793527.545631476,3.72236414557747e-7,GR
SETD1B,2687596.6152252476,4.02660355398105e-7,GR
CSNK1E,2505593.989283854,4.35010620054996e-7,SYN
WDR26,1782016.1405718036,4.81165674075246e-7,GR
KCNMA1,1442542.9264810274,5.38176085031539e-7,SYN
VEZF1,1349262.8892286785,5.98476305673053e-7,GR
EEF1A2,1200039.1655120486,6.65807725982146e-7,GR
FOXG1,1019212.1987733342,7.44778564136895e-7,MORPH
ZNF865,733075.5815,8.55107769224729e-7,GR
CACNA1A,688843.8504347083,9.71178579956486e-7,SYN
GABRB3,678648.323,1.08735580030941e-6,SYN
TRIO,654598.0576232816,1.20632384387035e-6,SYN
NBEA,611898.5184761593,1.33235005651568e-6,SYN
YWHAG,388154.76489145996,1.6819879188039e-6,MORPH
PBX1,326462.49793659593,1.91727306864596e-6,MORPH
ATAT1,311988.55636265845,2.16061190503734e-6,MORPH
FBXW11,308086.90581610246,2.40375427645018e-6,GR
BRD4,307241.83375716297,2.64420167634266e-6,GR
MSL2,304204.7886069472,2.8838599366094e-6,GR
NSD2,295364.0403761154,3.12788201080203e-6,GR
ARF3,249772.7964119459,3.4164010669616e-6,SYN
TNRC6B,229152.98765328218,3.72869310820564e-6,GR
SETBP1,182728.59350471993,4.12142991682094e-6,GR
PTPRS,153426.89447846182,4.58817059525679e-6,SYN
SCN8A,138557.6358214096,5.10138653655382e-6,SYN
KCND3,132396.8123399038,5.63294001860167e-6,SYN
TUBB3,109695.90135325257,6.27371092476605e-6,MORPH
HIVEP2,106799.65257765871,6.92436540657829e-6,MORPH
ZMYND8,98474.31889484549,7.62465852787337e-6,GR
USP7,98049.56441824372,8.31912289016292e-6,GR
FBXO11,97838.20790606487,9.00627987459231e-6,MORPH
YLPM1,95564.22476,9.70218905095745e-6,GR
CNOT1,88074.17178927005,1.04529359871265e-5,GR
ZBTB34,86758.29829760968,1.12064785239292e-5,GR
PPP2CA,85623.89627,1.19613869352261e-5,SYN
KCNA2,80794.66193368369,1.27559130819809e-5,SYN
ZNF536,78226.54036104635,1.35689728593234e-5,MORPH
DHDDS,73432.50262,1.44299114759232e-5,GR
PPP2R1A,69646.97913626899,1.53313488836942e-5,MORPH
HIST1H1E,59397.60531238643,1.63915232689724e-5,GR
REV3L,53055.55231385029,1.75759010105519e-5,GR
SETD2,49192.440410637966,1.88462325296949e-5,GR
DSCAM,42991.00078818099,2.02986346076005e-5,SYN
XPO1,39036.467334371475,2.18913627735992e-5,GR
NR4A2,38072.31392296913,2.3508461384024e-5,MORPH
ZFHX3,31317.899258457746,2.5480846252236e-5,MORPH
ITSN1,26633.745239222044,2.77990499651704e-5,SYN
SCAF1,25557.19112,3.01936982579567e-5,GR
ARID1A,24888.32829346798,3.26290697251916e-5,GR
EP400,24298.204959167542,3.50995785642391e-5,GR
MTOR,22893.98664022757,3.77039740290475e-5,GR
EMC7,21913.293310972665,4.04036486034301e-5,GR
LMTK3,20415.296833519107,4.32853936338624e-5,SYN
PHF12,19823.369768518452,4.62271961332355e-5,GR
EGR3,19615.991285291504,4.91697626260501e-5,MORPH
NRXN3,19206.675768224333,5.21475804124522e-5,SYN
GNB1,19085.104275538357,5.51132480541722e-5,SYN
NCKAP1,17002.264301466315,5.84424693019295e-5,SYN
PTK2,16956.215219273447,6.17453025207827e-5,MORPH
KANSL1,16851.90572246269,6.50347031629688e-5,GR
SMARCB1,16402.163935601555,6.83874775369987e-5,GR
PSMC5,15470.127742138042,7.19261002000796e-5,GR
PCLO,14829.959980361074,7.55945927986621e-5,SYN
RAB14,14758.205061659832,7.92438426482033e-5,SYN
KBTBD6,13709.612811673998,8.31625038882771e-5,GR
NFIB,12833.658994398145,8.73342565619421e-5,MORPH
YY1,11665.13756100375,9.19212141390757e-5,GR
MAGEL2,11119.553918687343,9.67064851257993e-5,GR
MAF,10356.453134588599,1.0182769425273e-4,MORPH
ATP2B2,10064.726363697504,1.0705824832239e-4,SYN
PTPRT,9463.193479,1.1259880608722e-4,SYN
MAP1A,7727.9158985881995,1.1944095513553e-4,MORPH
SYT1,7489.830970085035,1.2644811344002e-4,SYN
CGREF1,7254.354703881502,1.3363025763666e-4,GR
CAMK2A,6903.395174883763,1.4113538135872e-4,SYN
GSE1,6611.7280097025305,1.4892397380002e-4,GR
LEMD3,6473.942827600168,1.5681495261631e-4,GR
GABBR2,6466.262168854103,1.6463836816802e-4,SYN
TLE3,6439.4470540153125,1.7242064070658e-4,GR
JARID2,6079.407342148048,1.8063225188154e-4,GR
UBR5,6024.379124744054,1.8884627272702e-4,GR
KMT2D,5947.45323,1.9709772479025e-4,GR
CHAMP1,5628.894485578916,2.0578491703798e-4,GR
EFTUD2,5503.371678163389,2.1460723188751e-4,GR
ADGRB1,5051.802427749191,2.2421602217209e-4,SYN
PTCH1,5036.479051814762,2.3376585226488e-4,MORPH
LRRC4,4748.277452156915,2.4386516329306e-4,SYN
GSK3B,4439.007505238338,2.5464446087368e-4,GR
CAPRIN1,4435.862560734726,2.6533141050412e-4,GR
TRIM8,4308.298458473535,2.7626805670353e-4,GR
HNRNPD,4237.390260035869,2.8730561987932e-4,GR
FBXW7,4024.2664114099784,3.101710627329e-4,GR
MEIS2,3833.6645235616593,3.2217815669233e-4,MORPH
ZBTB7A,3622.433316792518,3.3485285842136e-4,GR
RALGAPB,3615.985365666926,3.4743787731157e-4,MORPH
PSMD12,3577.043709388418,3.6006184724322e-4,GR
SLTM,3365.4588270687623,3.8656689895894e-4,GR
BCR,3245.7071547309406,4.0027284793708e-4,MORPH
TOP3B,3205.2774933572928,4.1405051427503e-4,GR
GNAI1,3143.5222776694864,4.2800981571129e-4,SYN
TRAF7,3083.5760436215305,4.4215104100767e-4,GR
SPPL3,3035.204472650995,4.5642198803091e-4,GR
ACTG1,2914.931933003635,4.7123185968026e-4,MORPH
SRSF1,2906.4639816857907,4.8596203683951e-4,GR
GABRA4,2881.2025463995874,5.0071105892619e-4,SYN
NACC1,2812.3415407107163,5.1574248863698e-4,GR
CELF4,2634.565140647368,5.3179486611972e-4,GR
RANBP2,2530.467417359878,5.4845513352969e-4,GR
DIP2C,2499.202479141988,5.6520887672066e-4,GR
ZBTB18,2469.606276218887,5.8204786680229e-4,MORPH
GNAO1,2401.105281941574,5.9928892531609e-4,SYN
PPM1D,2275.059772016482,6.1746647603892e-4,GR
HSF2,2203.604663,6.3615708631621e-4,MORPH
KIF1A,2170.9013197476415,6.5500992672933e-4,SYN
ZNF644,2163.391352554527,6.7378087281921e-4,GR
ZCCHC14,2160.4589447071976,6.9242620617412e-4,GR
PLXNA1,2136.9846748958344,7.1115178457352e-4,MORPH
BRD1,2106.0928892152037,7.3003781648681e-4,GR
MAPK8IP3,2057.7294331985117,7.4927754184474e-4,MORPH
CXXC1,2039.7093146313139,7.6855580304282e-4,GR
INTS6,1971.5019229862492,7.8844301218383e-4,GR
TAF4,1875.4889709191007,8.0933548422712e-4,GR
MAP1B,1871.7706712171967,8.3010813296329e-4,MORPH
PHF2,1788.5223782966368,8.5182138504055e-4,GR
COL4A3BP,1769.648225116614,8.7362641909188e-4,MORPH
EXT1,1751.3123346599214,8.9552003967671e-4,MORPH
BAZ2A,1659.134146045754,9.1863444572924e-4,GR
MKX,1645.4609340131524,9.4178655967567e-4,MORPH
GRIK3,1635.059504600948,9.649261683206e-4,SYN
BCAT1,1576.83972,9.8886501569096e-4,GR