metric,gene_set,rho_all11,rho_dropV1,p_dropV1
ARI perm (mean-pairs),ASD,0.3181818181818182,0.09090909090909088,0.8027717312071619
ARI perm (mean-pairs),GR,0.36363636363636365,0.1515151515151515,0.6760651759978538
ARI perm (mean-pairs),SYN,-0.05454545454545456,-0.22424242424242422,0.5334005612725947
ARI perm (mean-pairs),MORPH,0.19090909090909092,0.18787878787878787,0.603217610029209
nDEG (FDR<.05),ASD,0.37813309948991036,0.1702135522304181,0.6382593583672791
nDEG (FDR<.05),GR,0.5466984570938462,0.395138603392042,0.25841872523187825
nDEG (FDR<.05),SYN,0.15945371665237182,0.0790277206784084,0.8282024798594116
nDEG (FDR<.05),MORPH,0.10478387094298722,0.01823716631040194,0.960119464496727
nSigLFC (|lFC|>1&FDR<.05),ASD,0.4200957037790453,0.22561395032806852,0.5308330658438035
nSigLFC (|lFC|>1&FDR<.05),GR,0.5388184026731233,0.38415348299103563,0.2730811695124797
nSigLFC (|lFC|>1&FDR<.05),SYN,0.2465779130877005,0.18293022999573125,0.6129641414000455
nSigLFC (|lFC|>1&FDR<.05),MORPH,0.11872269889407801,0.04878139466552833,0.8935442648854668
