,CUX1 (+),EP300,FMN2,NDUFV1,NR3C1 (+),NRF1 (+),RBM27,SPEN,SREBF2 (+),TNRC6C,TTBK1,VEZF1,FBXO41,MARCH4,MEF2C (+),PRKCE,SRCIN1,BHLHE22 (-),FOXP2 (+),JUND (+),LHX9 (+),MEIS3 (+),MZF1 (+),SOX11 (+),TCF4 (+),THRB (-),ZBTB18 (+),ZEB1 (+),ZNF281 (+)
CUX1 (+),1.0,0.9260504201680673,0.24705882352941178,-0.25469824293353704,0.8964094728800611,0.7723453017570665,0.573109243697479,0.922077922077922,0.8643239113827349,0.9110771581359817,0.7653170359052712,0.9511077158135982,0.253475935828877,-0.3228418640183346,0.20611153552330022,0.37203972498090143,0.574025974025974,0.7439266615737204,0.8844919786096257,-0.31642475171886936,-0.6751718869365928,-0.06890756302521009,-0.48357524828113063,-0.2140565317035905,0.1092436974789916,-0.052100840336134456,-0.31581359816653937,0.6470588235294118,0.38548510313216194
EP300,0.9260504201680673,1.0,0.05760122230710466,-0.4291825821237586,0.8634071810542399,0.7809014514896868,0.5061879297173415,0.9865546218487395,0.8239877769289534,0.8484339190221544,0.6776165011459129,0.9165775401069519,0.13002291825821238,-0.42245989304812837,0.05821237585943468,0.2183346065699007,0.5456073338426279,0.6210847975553858,0.786707410236822,-0.519633307868602,-0.5657754010695187,-0.22016806722689075,-0.5370511841100076,-0.08968678380443086,0.09090909090909091,0.11871657754010695,-0.40962566844919784,0.7173414820473644,0.48877005347593583
FMN2,0.24705882352941178,0.05760122230710466,1.0,0.6299465240641712,0.08082505729564553,-0.16669213139801375,-0.1489686783804431,0.08877005347593583,0.1144385026737968,0.3258976317799847,0.5786096256684492,0.1899159663865546,0.8869365928189458,0.6061115355233002,0.8759358288770054,0.5236058059587472,0.4597402597402597,0.19419404125286477,0.39098548510313214,0.6901451489686784,-0.0747135217723453,0.7912910618792972,0.32192513368983955,-0.280977845683728,0.40045836516424754,-0.628418640183346,0.6213903743315508,-0.11963330786860199,-0.4215431627196333
NDUFV1,-0.25469824293353704,-0.4291825821237586,0.6299465240641712,1.0,-0.4588235294117647,-0.4362108479755539,-0.3417876241405653,-0.42245989304812837,-0.1410236822001528,-0.07624140565317036,-0.04873949579831933,-0.3705118411000764,0.5003819709702063,0.571886936592819,0.4994652406417112,0.3042016806722689,-0.12880061115355232,-0.18349885408708938,-0.17708174178762415,0.8349885408708938,-0.04476699770817418,0.6412528647822765,0.413903743315508,-0.45546218487394957,0.146524064171123,-0.4737967914438503,0.5046600458365165,-0.6702826585179527,-0.49457601222307107
NR3C1 (+),0.8964094728800611,0.8634071810542399,0.08082505729564553,-0.4588235294117647,1.0,0.7977081741787624,0.760427807486631,0.8466004583651643,0.7359816653934301,0.7176470588235294,0.5841100076394194,0.9379679144385027,0.0826585179526356,-0.3711229946524064,0.14591291061879297,0.22902979373567608,0.40076394194041254,0.7277310924369748,0.8365164247517188,-0.40932009167303285,-0.4881588999236058,-0.1657754010695187,-0.4893812070282659,-0.02154316271963331,0.21986249045072576,0.08785332314744079,-0.3362872421695951,0.7353705118411,0.36440030557677616
NRF1 (+),0.7723453017570665,0.7809014514896868,-0.16669213139801375,-0.4362108479755539,0.7977081741787624,1.0,0.7503437738731856,0.7381207028265852,0.8371275783040489,0.6644766997708175,0.31336898395721924,0.8080977845683728,-0.2235294117647059,-0.5825821237585943,-0.20672268907563024,0.2030557677616501,0.13032849503437738,0.5514132925897631,0.653170359052712,-0.4563789152024446,-0.572803666921314,-0.4294881588999236,-0.5077158135981665,-0.11566080977845684,-0.09946524064171124,0.25286478227654696,-0.6128342245989304,0.6837280366692131,0.5394957983193277
RBM27,0.573109243697479,0.5061879297173415,-0.1489686783804431,-0.3417876241405653,0.760427807486631,0.7503437738731856,1.0,0.4802139037433155,0.49763177998472113,0.3778456837280367,0.08479755538579067,0.6632543926661574,-0.27303284950343776,-0.493964858670741,-0.033460656990068754,0.28556149732620323,-0.12757830404889228,0.6623376623376623,0.597860962566845,-0.2910618792971734,-0.4566844919786096,-0.33995416348357527,-0.4566844919786096,-0.1706646294881589,0.11199388846447669,-0.01970970206264324,-0.45576776165011457,0.45210084033613446,0.1437738731856379
SPEN,0.922077922077922,0.9865546218487395,0.08877005347593583,-0.42245989304812837,0.8466004583651643,0.7381207028265852,0.4802139037433155,1.0,0.8004583651642475,0.8365164247517188,0.6898395721925134,0.9086325439266616,0.1685255920550038,-0.4371275783040489,0.08082505729564553,0.3011459129106188,0.573720397249809,0.6776165011459129,0.7967914438502673,-0.5089381207028266,-0.5850267379679145,-0.2186401833460657,-0.5844155844155844,-0.1523300229182582,0.06249045072574484,0.04996180290297937,-0.41237585943468297,0.6883116883116883,0.4912146676852559
SREBF2 (+),0.8643239113827349,0.8239877769289534,0.1144385026737968,-0.1410236822001528,0.7359816653934301,0.8371275783040489,0.49763177998472113,0.8004583651642475,1.0,0.8695187165775401,0.5303284950343774,0.812681436210848,0.0799083269671505,-0.3928189457601222,-0.017876241405653172,0.3460656990068755,0.31336898395721924,0.5624140565317036,0.6660045836516425,-0.2476699770817418,-0.7265087853323148,-0.17769289533995417,-0.5321619556913675,-0.3387318563789152,-0.09824293353705119,0.173414820473644,-0.43529411764705883,0.4692131398013751,0.5556913674560734
TNRC6C,0.9110771581359817,0.8484339190221544,0.3258976317799847,-0.07624140565317036,0.7176470588235294,0.6644766997708175,0.3778456837280367,0.8365164247517188,0.8695187165775401,1.0,0.7879297173414821,0.8310160427807487,0.3500381970970206,-0.19236058059587471,0.22536287242169595,0.333231474407945,0.6220015278838809,0.6106951871657754,0.7900687547746371,-0.20763941940412528,-0.6553093964858671,0.056990068754774637,-0.3408708938120703,-0.23025210084033612,0.12757830404889228,-0.07104660045836517,-0.21802902979373567,0.5578304048892284,0.3396485867074102
TTBK1,0.7653170359052712,0.6776165011459129,0.5786096256684492,-0.04873949579831933,0.5841100076394194,0.31336898395721924,0.08479755538579067,0.6898395721925134,0.5303284950343774,0.7879297173414821,1.0,0.6867838044308633,0.7038961038961039,0.2192513368983957,0.5636363636363636,0.25469824293353704,0.9055767761650114,0.519327731092437,0.7665393430099312,-0.026737967914438502,-0.34025974025974026,0.42337662337662335,-0.027349121466768527,0.018487394957983194,0.3295645530939649,-0.22658517952635598,0.2210847975553858,0.5364400305576776,0.11871657754010695
VEZF1,0.9511077158135982,0.9165775401069519,0.1899159663865546,-0.3705118411000764,0.9379679144385027,0.8080977845683728,0.6632543926661574,0.9086325439266616,0.812681436210848,0.8310160427807487,0.6867838044308633,1.0,0.19052711993888463,-0.32345301757066464,0.1972498090145149,0.30817417876241404,0.5074102368220015,0.7097020626432391,0.8585179526355997,-0.3708174178762414,-0.546524064171123,-0.10007639419404125,-0.4478227654698243,-0.093353705118411,0.17952635599694422,0.01970970206264324,-0.2901451489686784,0.7249809014514896,0.33475935828877007
FBXO41,0.253475935828877,0.13002291825821238,0.8869365928189458,0.5003819709702063,0.0826585179526356,-0.2235294117647059,-0.27303284950343776,0.1685255920550038,0.0799083269671505,0.3500381970970206,0.7038961038961039,0.19052711993888463,1.0,0.7032849503437739,0.9009931245225363,0.33292589763178,0.6391138273491215,0.2027501909854851,0.40626432391138273,0.5367456073338426,-0.02001527883880825,0.869213139801375,0.3585943468296409,-0.093353705118411,0.5177998472116119,-0.5104660045836517,0.7139801375095493,-0.010236822001527883,-0.36165011459129104
MARCH4,-0.3228418640183346,-0.42245989304812837,0.6061115355233002,0.571886936592819,-0.3711229946524064,-0.5825821237585943,-0.493964858670741,-0.4371275783040489,-0.3928189457601222,-0.19236058059587471,0.2192513368983957,-0.32345301757066464,0.7032849503437739,1.0,0.7106187929717341,-0.18747135217723454,0.22719633307868603,-0.3442322383498854,-0.12299465240641712,0.6605042016806723,0.4860198624904507,0.9257448433919022,0.7970970206264324,0.28647822765469827,0.5764705882352941,-0.2287242169595111,0.9648586707410237,-0.2745607333842628,-0.6192513368983957
MEF2C (+),0.20611153552330022,0.05821237585943468,0.8759358288770054,0.4994652406417112,0.14591291061879297,-0.20672268907563024,-0.033460656990068754,0.08082505729564553,-0.017876241405653172,0.22536287242169595,0.5636363636363636,0.1972498090145149,0.9009931245225363,0.7106187929717341,1.0,0.35248281130634074,0.4288770053475936,0.24400305576776166,0.43346065699006875,0.6073338426279603,0.04965622612681436,0.8698242933537051,0.4016806722689076,-0.08021390374331551,0.6406417112299465,-0.6061115355233002,0.7558441558441559,-0.041405653170359054,-0.5639419404125287
PRKCE,0.37203972498090143,0.2183346065699007,0.5236058059587472,0.3042016806722689,0.22902979373567608,0.2030557677616501,0.28556149732620323,0.3011459129106188,0.3460656990068755,0.333231474407945,0.25469824293353704,0.30817417876241404,0.33292589763178,-0.18747135217723454,0.35248281130634074,1.0,0.06493506493506493,0.5682200152788388,0.4221543162719633,0.307257448433919,-0.5315508021390374,0.056990068754774637,-0.4016806722689076,-0.815737203972498,-0.2079449961802903,-0.6898395721925134,-0.12880061115355232,-0.18716577540106952,-0.06340718105423988
SRCIN1,0.574025974025974,0.5456073338426279,0.4597402597402597,-0.12880061115355232,0.40076394194041254,0.13032849503437738,-0.12757830404889228,0.573720397249809,0.31336898395721924,0.6220015278838809,0.9055767761650114,0.5074102368220015,0.6391138273491215,0.22719633307868603,0.4288770053475936,0.06493506493506493,1.0,0.3359816653934301,0.5819709702062643,-0.12360580595874714,-0.1514132925897632,0.3466768525592055,0.0826585179526356,0.19877769289533995,0.31306340718105424,-0.15080213903743314,0.22291825821237585,0.545301757066463,0.17922077922077922
BHLHE22 (-),0.7439266615737204,0.6210847975553858,0.19419404125286477,-0.18349885408708938,0.7277310924369748,0.5514132925897631,0.6623376623376623,0.6776165011459129,0.5624140565317036,0.6106951871657754,0.519327731092437,0.7097020626432391,0.2027501909854851,-0.3442322383498854,0.24400305576776166,0.5682200152788388,0.3359816653934301,1.0,0.8221543162719633,-0.14010695187165775,-0.6204736440030557,-0.07685255920550038,-0.4878533231474408,-0.3711229946524064,0.07288006111535524,-0.2877005347593583,-0.3093964858670741,0.43682200152788386,0.23789152024446142
FOXP2 (+),0.8844919786096257,0.786707410236822,0.39098548510313214,-0.17708174178762415,0.8365164247517188,0.653170359052712,0.597860962566845,0.7967914438502673,0.6660045836516425,0.7900687547746371,0.7665393430099312,0.8585179526355997,0.40626432391138273,-0.12299465240641712,0.43346065699006875,0.4221543162719633,0.5819709702062643,0.8221543162719633,1.0,-0.1254392666157372,-0.5077158135981665,0.1226890756302521,-0.2660045836516425,-0.14346829640947287,0.27028265851795263,-0.25103132161955694,-0.09610389610389611,0.6495034377387319,0.15049656226126815
JUND (+),-0.31642475171886936,-0.519633307868602,0.6901451489686784,0.8349885408708938,-0.40932009167303285,-0.4563789152024446,-0.2910618792971734,-0.5089381207028266,-0.2476699770817418,-0.20763941940412528,-0.026737967914438502,-0.3708174178762414,0.5367456073338426,0.6605042016806723,0.6073338426279603,0.307257448433919,-0.12360580595874714,-0.14010695187165775,-0.1254392666157372,1.0,0.18838808250572955,0.7008403361344537,0.4475171886936593,-0.25469824293353704,0.22780748663101605,-0.43834988540870895,0.6540870893812071,-0.5697478991596638,-0.5000763941940413
LHX9 (+),-0.6751718869365928,-0.5657754010695187,-0.0747135217723453,-0.04476699770817418,-0.4881588999236058,-0.572803666921314,-0.4566844919786096,-0.5850267379679145,-0.7265087853323148,-0.6553093964858671,-0.34025974025974026,-0.546524064171123,-0.02001527883880825,0.4860198624904507,0.04965622612681436,-0.5315508021390374,-0.1514132925897632,-0.6204736440030557,-0.5077158135981665,0.18838808250572955,1.0,0.2293353705118411,0.5807486631016042,0.6993124522536287,0.3087853323147441,0.18624904507257448,0.494270435446906,-0.13155080213903744,-0.3946524064171123
MEIS3 (+),-0.06890756302521009,-0.22016806722689075,0.7912910618792972,0.6412528647822765,-0.1657754010695187,-0.4294881588999236,-0.33995416348357527,-0.2186401833460657,-0.17769289533995417,0.056990068754774637,0.42337662337662335,-0.10007639419404125,0.869213139801375,0.9257448433919022,0.8698242933537051,0.056990068754774637,0.3466768525592055,-0.07685255920550038,0.1226890756302521,0.7008403361344537,0.2293353705118411,1.0,0.6498090145148969,0.08601986249045072,0.6042780748663101,-0.4053475935828877,0.9055767761650114,-0.21191749427043544,-0.6088617265087853
MZF1 (+),-0.48357524828113063,-0.5370511841100076,0.32192513368983955,0.413903743315508,-0.4893812070282659,-0.5077158135981665,-0.4566844919786096,-0.5844155844155844,-0.5321619556913675,-0.3408708938120703,-0.027349121466768527,-0.4478227654698243,0.3585943468296409,0.7970970206264324,0.4016806722689076,-0.4016806722689076,0.0826585179526356,-0.4878533231474408,-0.2660045836516425,0.4475171886936593,0.5807486631016042,0.6498090145148969,1.0,0.45240641711229945,0.3815126050420168,-0.15019098548510312,0.7258976317799847,-0.14316271963330787,-0.5838044308632544
SOX11 (+),-0.2140565317035905,-0.08968678380443086,-0.280977845683728,-0.45546218487394957,-0.02154316271963331,-0.11566080977845684,-0.1706646294881589,-0.1523300229182582,-0.3387318563789152,-0.23025210084033612,0.018487394957983194,-0.093353705118411,-0.093353705118411,0.28647822765469827,-0.08021390374331551,-0.815737203972498,0.19877769289533995,-0.3711229946524064,-0.14346829640947287,-0.25469824293353704,0.6993124522536287,0.08601986249045072,0.45240641711229945,1.0,0.44415584415584414,0.5052711993888465,0.279144385026738,0.4484339190221543,-0.028877005347593583
TCF4 (+),0.1092436974789916,0.09090909090909091,0.40045836516424754,0.146524064171123,0.21986249045072576,-0.09946524064171124,0.11199388846447669,0.06249045072574484,-0.09824293353705119,0.12757830404889228,0.3295645530939649,0.17952635599694422,0.5177998472116119,0.5764705882352941,0.6406417112299465,-0.2079449961802903,0.31306340718105424,0.07288006111535524,0.27028265851795263,0.22780748663101605,0.3087853323147441,0.6042780748663101,0.3815126050420168,0.44415584415584414,1.0,-0.11199388846447669,0.5941940412528648,0.24339190221543164,-0.4151260504201681
THRB (-),-0.052100840336134456,0.11871657754010695,-0.628418640183346,-0.4737967914438503,0.08785332314744079,0.25286478227654696,-0.01970970206264324,0.04996180290297937,0.173414820473644,-0.07104660045836517,-0.22658517952635598,0.01970970206264324,-0.5104660045836517,-0.2287242169595111,-0.6061115355233002,-0.6898395721925134,-0.15080213903743314,-0.2877005347593583,-0.25103132161955694,-0.43834988540870895,0.18624904507257448,-0.4053475935828877,-0.15019098548510312,0.5052711993888465,-0.11199388846447669,1.0,-0.27700534759358286,0.29411764705882354,0.5902215431627197
ZBTB18 (+),-0.31581359816653937,-0.40962566844919784,0.6213903743315508,0.5046600458365165,-0.3362872421695951,-0.6128342245989304,-0.45576776165011457,-0.41237585943468297,-0.43529411764705883,-0.21802902979373567,0.2210847975553858,-0.2901451489686784,0.7139801375095493,0.9648586707410237,0.7558441558441559,-0.12880061115355232,0.22291825821237585,-0.3093964858670741,-0.09610389610389611,0.6540870893812071,0.494270435446906,0.9055767761650114,0.7258976317799847,0.279144385026738,0.5941940412528648,-0.27700534759358286,1.0,-0.27364400305576775,-0.6583651642475172
ZEB1 (+),0.6470588235294118,0.7173414820473644,-0.11963330786860199,-0.6702826585179527,0.7353705118411,0.6837280366692131,0.45210084033613446,0.6883116883116883,0.4692131398013751,0.5578304048892284,0.5364400305576776,0.7249809014514896,-0.010236822001527883,-0.2745607333842628,-0.041405653170359054,-0.18716577540106952,0.545301757066463,0.43682200152788386,0.6495034377387319,-0.5697478991596638,-0.13155080213903744,-0.21191749427043544,-0.14316271963330787,0.4484339190221543,0.24339190221543164,0.29411764705882354,-0.27364400305576775,1.0,0.4536287242169595
ZNF281 (+),0.38548510313216194,0.48877005347593583,-0.4215431627196333,-0.49457601222307107,0.36440030557677616,0.5394957983193277,0.1437738731856379,0.4912146676852559,0.5556913674560734,0.3396485867074102,0.11871657754010695,0.33475935828877007,-0.36165011459129104,-0.6192513368983957,-0.5639419404125287,-0.06340718105423988,0.17922077922077922,0.23789152024446142,0.15049656226126815,-0.5000763941940413,-0.3946524064171123,-0.6088617265087853,-0.5838044308632544,-0.028877005347593583,-0.4151260504201681,0.5902215431627197,-0.6583651642475172,0.4536287242169595,1.0
