module_A,topic_A,module_B,topic_B,rho,spin_p,fdr
FBXO41,SYN,MEIS3 (+),MORPH,0.8692131398013749,0.0004997501249375312,0.008115942028985508
MEIS3 (+),MORPH,ZNF281 (+),MORPH,-0.6088617265087853,0.0004997501249375312,0.008115942028985508
MEIS3 (+),MORPH,ZBTB18 (+),MORPH,0.9055767761650114,0.0004997501249375312,0.008115942028985508
CUX1 (+),GR,SPEN,GR,0.922077922077922,0.0004997501249375312,0.008115942028985508
CUX1 (+),GR,VEZF1,GR,0.9511077158135982,0.0004997501249375312,0.008115942028985508
FMN2,GR,MEF2C (+),SYN,0.8759358288770053,0.0004997501249375312,0.008115942028985508
CUX1 (+),GR,EP300,GR,0.9260504201680673,0.0004997501249375312,0.008115942028985508
TTBK1,GR,FBXO41,SYN,0.7038961038961039,0.0004997501249375312,0.008115942028985508
CUX1 (+),GR,TNRC6C,GR,0.9110771581359814,0.0004997501249375312,0.008115942028985508
FMN2,GR,FBXO41,SYN,0.8869365928189457,0.0004997501249375312,0.008115942028985508
VEZF1,GR,EP300,GR,0.9165775401069518,0.0004997501249375312,0.008115942028985508
FBXO41,SYN,MEF2C (+),SYN,0.9009931245225362,0.0004997501249375312,0.008115942028985508
FOXP2 (+),MORPH,TTBK1,GR,0.7665393430099312,0.0004997501249375312,0.008115942028985508
PRKCE,SYN,THRB (-),MORPH,-0.6898395721925134,0.0004997501249375312,0.008115942028985508
SPEN,GR,VEZF1,GR,0.9086325439266615,0.0004997501249375312,0.008115942028985508
TTBK1,GR,FMN2,GR,0.5786096256684492,0.0004997501249375312,0.008115942028985508
MARCH4,SYN,ZBTB18 (+),MORPH,0.9648586707410236,0.0004997501249375312,0.008115942028985508
MEF2C (+),SYN,THRB (-),MORPH,-0.6061115355233002,0.0004997501249375312,0.008115942028985508
SPEN,GR,EP300,GR,0.9865546218487394,0.0004997501249375312,0.008115942028985508
FMN2,GR,THRB (-),MORPH,-0.628418640183346,0.0004997501249375312,0.008115942028985508
PRKCE,SYN,FMN2,GR,0.5236058059587472,0.0004997501249375312,0.008115942028985508
EP300,GR,NR3C1 (+),GR,0.8634071810542397,0.0009995002498750624,0.008115942028985508
CUX1 (+),GR,NR3C1 (+),GR,0.896409472880061,0.0009995002498750624,0.008115942028985508
FBXO41,SYN,ZBTB18 (+),MORPH,0.7139801375095494,0.0009995002498750624,0.008115942028985508
VEZF1,GR,NR3C1 (+),GR,0.9379679144385026,0.0009995002498750624,0.008115942028985508
JUND (+),MORPH,NDUFV1,GR,0.8349885408708938,0.0009995002498750624,0.008115942028985508
FMN2,GR,NDUFV1,GR,0.6299465240641711,0.0009995002498750624,0.008115942028985508
JUND (+),MORPH,MEF2C (+),SYN,0.6073338426279602,0.0009995002498750624,0.008115942028985508
FOXP2 (+),MORPH,SPEN,GR,0.7967914438502673,0.0009995002498750624,0.008115942028985508
TNRC6C,GR,SREBF2 (+),GR,0.8695187165775401,0.0009995002498750624,0.008115942028985508
FOXP2 (+),MORPH,TNRC6C,GR,0.790068754774637,0.0009995002498750624,0.008115942028985508
FMN2,GR,JUND (+),MORPH,0.6901451489686783,0.0009995002498750624,0.008115942028985508
ZBTB18 (+),MORPH,ZNF281 (+),MORPH,-0.6583651642475172,0.0009995002498750624,0.008115942028985508
LHX9 (+),MORPH,SOX11 (+),MORPH,0.6993124522536286,0.0009995002498750624,0.008115942028985508
MARCH4,SYN,FBXO41,SYN,0.7032849503437738,0.0009995002498750624,0.008115942028985508
LHX9 (+),MORPH,SREBF2 (+),GR,-0.7265087853323147,0.0009995002498750624,0.008115942028985508
BHLHE22 (-),MORPH,FOXP2 (+),MORPH,0.8221543162719633,0.0009995002498750624,0.008115942028985508
MEF2C (+),SYN,MEIS3 (+),MORPH,0.8698242933537051,0.0009995002498750624,0.008115942028985508
MEF2C (+),SYN,TCF4 (+),MORPH,0.6406417112299465,0.0009995002498750624,0.008115942028985508
FBXO41,SYN,THRB (-),MORPH,-0.5104660045836517,0.0009995002498750624,0.008115942028985508
CUX1 (+),GR,FOXP2 (+),MORPH,0.8844919786096257,0.0009995002498750624,0.008115942028985508
MEF2C (+),SYN,ZBTB18 (+),MORPH,0.7558441558441558,0.0009995002498750624,0.008115942028985508
NRF1 (+),GR,SREBF2 (+),GR,0.8371275783040489,0.0009995002498750624,0.008115942028985508
TTBK1,GR,TNRC6C,GR,0.787929717341482,0.0009995002498750624,0.008115942028985508
FMN2,GR,ZBTB18 (+),MORPH,0.6213903743315508,0.0009995002498750624,0.008115942028985508
MEF2C (+),SYN,ZNF281 (+),MORPH,-0.5639419404125287,0.0009995002498750624,0.008115942028985508
MZF1 (+),MORPH,ZBTB18 (+),MORPH,0.7258976317799846,0.0009995002498750624,0.008115942028985508
RBM27,GR,NRF1 (+),GR,0.7503437738731855,0.0009995002498750624,0.008115942028985508
MARCH4,SYN,MEIS3 (+),MORPH,0.9257448433919022,0.0009995002498750624,0.008115942028985508
FMN2,GR,MEIS3 (+),MORPH,0.7912910618792971,0.0009995002498750624,0.008115942028985508
MARCH4,SYN,ZNF281 (+),MORPH,-0.6192513368983957,0.0014992503748125937,0.009364548494983277
JUND (+),MORPH,MEIS3 (+),MORPH,0.7008403361344537,0.0014992503748125937,0.009364548494983277
PRKCE,SYN,SOX11 (+),MORPH,-0.8157372039724979,0.0014992503748125937,0.009364548494983277
FOXP2 (+),MORPH,EP300,GR,0.7867074102368219,0.0014992503748125937,0.009364548494983277
SPEN,GR,TNRC6C,GR,0.8365164247517187,0.0014992503748125937,0.009364548494983277
FOXP2 (+),MORPH,VEZF1,GR,0.8585179526355997,0.0014992503748125937,0.009364548494983277
FMN2,GR,MARCH4,SYN,0.6061115355233002,0.0014992503748125937,0.009364548494983277
MARCH4,SYN,MEF2C (+),SYN,0.7106187929717341,0.0014992503748125937,0.009364548494983277
SPEN,GR,NR3C1 (+),GR,0.8466004583651642,0.0014992503748125937,0.009364548494983277
VEZF1,GR,TNRC6C,GR,0.8310160427807486,0.0014992503748125937,0.009364548494983277
EP300,GR,TNRC6C,GR,0.8484339190221541,0.0014992503748125937,0.009364548494983277
TTBK1,GR,SRCIN1,SYN,0.9055767761650114,0.0014992503748125937,0.009364548494983277
CUX1 (+),GR,SREBF2 (+),GR,0.8643239113827349,0.0014992503748125937,0.009364548494983277
MARCH4,SYN,MZF1 (+),MORPH,0.7970970206264323,0.0014992503748125937,0.009364548494983277
NDUFV1,GR,MEIS3 (+),MORPH,0.6412528647822765,0.0014992503748125937,0.009364548494983277
SRCIN1,SYN,FBXO41,SYN,0.6391138273491214,0.001999000499750125,0.011762234824616677
EP300,GR,SREBF2 (+),GR,0.8239877769289534,0.001999000499750125,0.011762234824616677
THRB (-),MORPH,ZNF281 (+),MORPH,0.5902215431627196,0.001999000499750125,0.011762234824616677
FOXP2 (+),MORPH,NR3C1 (+),GR,0.8365164247517187,0.001999000499750125,0.011762234824616677
FBXO41,SYN,TCF4 (+),MORPH,0.5177998472116119,0.0024987506246876563,0.014090177133655395
VEZF1,GR,SREBF2 (+),GR,0.812681436210848,0.0024987506246876563,0.014090177133655395
SPEN,GR,SREBF2 (+),GR,0.8004583651642474,0.0024987506246876563,0.014090177133655395
NR3C1 (+),GR,SREBF2 (+),GR,0.73598166539343,0.0029985007496251873,0.016231884057971015
VEZF1,GR,NRF1 (+),GR,0.8080977845683728,0.0029985007496251873,0.016231884057971015
TNRC6C,GR,NR3C1 (+),GR,0.7176470588235293,0.0029985007496251873,0.016231884057971015
EP300,GR,NRF1 (+),GR,0.7809014514896867,0.0034982508745627187,0.01797835259585397
NR3C1 (+),GR,ZEB1 (+),MORPH,0.7353705118411,0.0034982508745627187,0.01797835259585397
CUX1 (+),GR,NRF1 (+),GR,0.7723453017570664,0.0034982508745627187,0.01797835259585397
TTBK1,GR,MEF2C (+),SYN,0.5636363636363636,0.0034982508745627187,0.01797835259585397
CUX1 (+),GR,TTBK1,GR,0.7653170359052711,0.00399800099950025,0.019556486816832547
MEIS3 (+),MORPH,TCF4 (+),MORPH,0.6042780748663101,0.00399800099950025,0.019556486816832547
NR3C1 (+),GR,NRF1 (+),GR,0.7977081741787624,0.00399800099950025,0.019556486816832547
RBM27,GR,NR3C1 (+),GR,0.760427807486631,0.00399800099950025,0.019556486816832547
NRF1 (+),GR,ZEB1 (+),MORPH,0.6837280366692131,0.004497751124437781,0.021739130434782608
BHLHE22 (-),MORPH,CUX1 (+),GR,0.7439266615737204,0.004997501249375313,0.023870417732310318
FOXP2 (+),MORPH,SREBF2 (+),GR,0.6660045836516425,0.005497251374312844,0.02536231884057971
LHX9 (+),MORPH,TNRC6C,GR,-0.655309396485867,0.005497251374312844,0.02536231884057971
BHLHE22 (-),MORPH,VEZF1,GR,0.709702062643239,0.005497251374312844,0.02536231884057971
JUND (+),MORPH,ZBTB18 (+),MORPH,0.654087089381207,0.005997001499250375,0.026465028355387523
FMN2,GR,SRCIN1,SYN,0.4597402597402597,0.005997001499250375,0.026465028355387523
MEIS3 (+),MORPH,MZF1 (+),MORPH,0.6498090145148968,0.005997001499250375,0.026465028355387523
FMN2,GR,TCF4 (+),MORPH,0.4004583651642475,0.005997001499250375,0.026465028355387523
VEZF1,GR,ZEB1 (+),MORPH,0.7249809014514896,0.006496751624187906,0.028362163004519245
JUND (+),MORPH,FBXO41,SYN,0.5367456073338426,0.0069965017491254375,0.02958937198067633
MARCH4,SYN,JUND (+),MORPH,0.6605042016806721,0.0069965017491254375,0.02958937198067633
BHLHE22 (-),MORPH,NR3C1 (+),GR,0.7277310924369748,0.0069965017491254375,0.02958937198067633
SOX11 (+),MORPH,THRB (-),MORPH,0.5052711993888465,0.0074962518740629685,0.031376064545047065
TNRC6C,GR,NRF1 (+),GR,0.6644766997708174,0.0079960019990005,0.032791684965598006
CUX1 (+),GR,LHX9 (+),MORPH,-0.6751718869365927,0.0079960019990005,0.032791684965598006
SREBF2 (+),GR,ZNF281 (+),MORPH,0.5556913674560733,0.00849575212393803,0.034492753623188405
VEZF1,GR,RBM27,GR,0.6632543926661574,0.008995502248875561,0.03616013775290572
NRF1 (+),GR,ZBTB18 (+),MORPH,-0.6128342245989304,0.009495252373813094,0.037794828076158
FMN2,GR,ZNF281 (+),MORPH,-0.42154316271963327,0.010994502748625687,0.042512077294685986
NDUFV1,GR,FBXO41,SYN,0.5003819709702062,0.010994502748625687,0.042512077294685986
MZF1 (+),MORPH,ZNF281 (+),MORPH,-0.5838044308632544,0.010994502748625687,0.042512077294685986
BHLHE22 (-),MORPH,LHX9 (+),MORPH,-0.6204736440030557,0.011494252873563218,0.0440251572327044
NDUFV1,GR,THRB (-),MORPH,-0.47379679144385023,0.01199400299850075,0.04508856682769726
BHLHE22 (-),MORPH,RBM27,GR,0.6623376623376623,0.01199400299850075,0.04508856682769726
SPEN,GR,NRF1 (+),GR,0.7381207028265852,0.013493253373313344,0.04980237154150198
FOXP2 (+),MORPH,NRF1 (+),GR,0.653170359052712,0.013493253373313344,0.04980237154150198
TCF4 (+),MORPH,ZBTB18 (+),MORPH,0.5941940412528648,0.014492753623188406,0.052536231884057975
BHLHE22 (-),MORPH,SPEN,GR,0.677616501145913,0.014492753623188406,0.052536231884057975
NDUFV1,GR,ZEB1 (+),MORPH,-0.6702826585179525,0.014992503748125937,0.053866871873797614
FOXP2 (+),MORPH,ZEB1 (+),MORPH,0.6495034377387318,0.015492253873063468,0.055174167302313754
NDUFV1,GR,MEF2C (+),SYN,0.49946524064171116,0.015992003998001,0.0559720139930035
LHX9 (+),MORPH,MZF1 (+),MORPH,0.5807486631016042,0.015992003998001,0.0559720139930035
TTBK1,GR,VEZF1,GR,0.6867838044308633,0.017491254372813594,0.0606961476526694
FOXP2 (+),MORPH,FMN2,GR,0.39098548510313214,0.017991004497751123,0.06190125276344879
FOXP2 (+),MORPH,RBM27,GR,0.597860962566845,0.018490754622688656,0.06308610400682013
EP300,GR,ZEB1 (+),MORPH,0.7173414820473644,0.019490254872563718,0.06594202898550725
NRF1 (+),GR,ZNF281 (+),MORPH,0.5394957983193277,0.01999000499750125,0.06707390106599592
JUND (+),MORPH,ZNF281 (+),MORPH,-0.5000763941940413,0.02048975512243878,0.0681872178664766
BHLHE22 (-),MORPH,TNRC6C,GR,0.6106951871657753,0.020989505247376312,0.06928243195475432
LHX9 (+),MORPH,NRF1 (+),GR,-0.5728036669213139,0.02148925537231384,0.06979710144927535
JUND (+),MORPH,THRB (-),MORPH,-0.43834988540870884,0.02148925537231384,0.06979710144927535
MARCH4,SYN,TCF4 (+),MORPH,0.5764705882352941,0.021989005497251374,0.07085346215780998
NDUFV1,GR,ZNF281 (+),MORPH,-0.494576012223071,0.0239880059970015,0.07668606641561108
MARCH4,SYN,NRF1 (+),GR,-0.5825821237585943,0.027486256871564217,0.08718297101449275
TNRC6C,GR,SRCIN1,SYN,0.6220015278838809,0.028985507246376812,0.09122570497696889
BHLHE22 (-),MORPH,EP300,GR,0.6210847975553857,0.02948525737131434,0.09208472686733556
MARCH4,SYN,NDUFV1,GR,0.5718869365928189,0.029985007496251874,0.09293063391968139
BHLHE22 (-),MORPH,SREBF2 (+),GR,0.5624140565317035,0.030984507746126936,0.09530083443126922
MEIS3 (+),MORPH,THRB (-),MORPH,-0.4053475935828877,0.031984007996002,0.09763539282990084
PRKCE,SYN,LHX9 (+),MORPH,-0.5315508021390374,0.03298350824587706,0.09993510707332902
FOXP2 (+),MORPH,FBXO41,SYN,0.4062643239113827,0.03398300849575212,0.1022007514761138
FOXP2 (+),MORPH,MEF2C (+),SYN,0.43346065699006875,0.035982008995502246,0.10741687979539642
TTBK1,GR,SPEN,GR,0.6898395721925134,0.03648175912043978,0.10801793347930351
TTBK1,GR,EP300,GR,0.677616501145913,0.03698150924537731,0.10801793347930351
CUX1 (+),GR,ZEB1 (+),MORPH,0.6470588235294117,0.03698150924537731,0.10801793347930351
CUX1 (+),GR,RBM27,GR,0.573109243697479,0.038980509745127435,0.11304347826086955
LHX9 (+),MORPH,SPEN,GR,-0.5850267379679144,0.0399800099950025,0.115119745091993
FBXO41,SYN,ZNF281 (+),MORPH,-0.36165011459129104,0.04247876061969016,0.12145335782812819
LHX9 (+),MORPH,ZBTB18 (+),MORPH,0.49427043544690596,0.043478260869565216,0.12344177561568866
BHLHE22 (-),MORPH,NRF1 (+),GR,0.5514132925897631,0.044977511244377814,0.12681159420289856
BHLHE22 (-),MORPH,PRKCE,SYN,0.5682200152788388,0.047976011994003,0.13433283358320838
FOXP2 (+),MORPH,LHX9 (+),MORPH,-0.5077158135981665,0.04897551224387806,0.13572267920094008
JUND (+),MORPH,ZEB1 (+),MORPH,-0.5697478991596637,0.049475262368815595,0.13572267920094008
LHX9 (+),MORPH,EP300,GR,-0.5657754010695187,0.049475262368815595,0.13572267920094008
SPEN,GR,ZEB1 (+),MORPH,0.6883116883116883,0.04997501249375312,0.1361735239762669
FOXP2 (+),MORPH,SRCIN1,SYN,0.5819709702062642,0.05147426286856572,0.13932367149758454
TNRC6C,GR,ZEB1 (+),MORPH,0.5578304048892284,0.05347326336831584,0.14282990083905417
RBM27,GR,SREBF2 (+),GR,0.4976317799847212,0.05347326336831584,0.14282990083905417
SRCIN1,SYN,MEF2C (+),SYN,0.42887700534759354,0.053973013493253376,0.14322250639386191
LHX9 (+),MORPH,VEZF1,GR,-0.5465240641711229,0.0544727636181909,0.14361001317523056
MZF1 (+),MORPH,SREBF2 (+),GR,-0.5321619556913674,0.05897051474262868,0.15446470313230481
MEF2C (+),SYN,MZF1 (+),MORPH,0.4016806722689076,0.06046976511744128,0.15737643998513565
PRKCE,SYN,FBXO41,SYN,0.33292589763178,0.06196901549225387,0.15923683727756374
MARCH4,SYN,LHX9 (+),MORPH,0.4860198624904507,0.06196901549225387,0.15923683727756374
ZEB1 (+),MORPH,ZNF281 (+),MORPH,0.45362872421695943,0.06346826586706647,0.16206362227691185
FMN2,GR,MZF1 (+),MORPH,0.32192513368983955,0.06446776611694154,0.16358695652173913
NDUFV1,GR,ZBTB18 (+),MORPH,0.5046600458365164,0.06546726636681659,0.16509136735979835
FBXO41,SYN,MZF1 (+),MORPH,0.3585943468296409,0.06746626686656672,0.16908212560386474
MARCH4,SYN,RBM27,GR,-0.49396485867074097,0.06846576711644178,0.16949452103216686
TCF4 (+),MORPH,ZNF281 (+),MORPH,-0.415126050420168,0.06846576711644178,0.16949452103216686
FMN2,GR,TNRC6C,GR,0.3258976317799847,0.06996501749125437,0.17215634606938954
FMN2,GR,SOX11 (+),MORPH,-0.28097784568372797,0.07096451774112944,0.17356382049938887
TTBK1,GR,SREBF2 (+),GR,0.5303284950343773,0.07446276861569215,0.18102924585611385
EP300,GR,ZNF281 (+),MORPH,0.4887700534759358,0.07646176911544228,0.1847826086956522
MEIS3 (+),MORPH,NRF1 (+),GR,-0.4294881588999236,0.07746126936531735,0.1860903867592831
TTBK1,GR,NR3C1 (+),GR,0.5841100076394193,0.07896051974012994,0.1885763000852515
RBM27,GR,ZBTB18 (+),MORPH,-0.4557677616501145,0.0814592703648176,0.192343134790986
SPEN,GR,ZNF281 (+),MORPH,0.4912146676852559,0.08195902048975512,0.192343134790986
JUND (+),MORPH,NRF1 (+),GR,-0.4563789152024446,0.08195902048975512,0.192343134790986
PRKCE,SYN,MEF2C (+),SYN,0.3524828113063407,0.08295852073963018,0.19246376811594204
MZF1 (+),MORPH,NRF1 (+),GR,-0.5077158135981665,0.08295852073963018,0.19246376811594204
TNRC6C,GR,FBXO41,SYN,0.35003819709702055,0.08695652173913043,0.20059288537549405
BHLHE22 (-),MORPH,TTBK1,GR,0.5193277310924369,0.08745627186406797,0.20060591173339884
RBM27,GR,EP300,GR,0.5061879297173414,0.08945527236381809,0.20289855072463767
RBM27,GR,MZF1 (+),MORPH,-0.4566844919786096,0.08945527236381809,0.20289855072463767
LHX9 (+),MORPH,NR3C1 (+),GR,-0.4881588999236058,0.09145427286356822,0.20628019323671498
LHX9 (+),MORPH,RBM27,GR,-0.4566844919786096,0.09245377311344327,0.20738249659700533
LHX9 (+),MORPH,ZNF281 (+),MORPH,-0.3946524064171123,0.0944527736131934,0.21070234113712374
RBM27,GR,ZEB1 (+),MORPH,0.45210084033613446,0.10744627686156921,0.23837807872020272
BHLHE22 (-),MORPH,MZF1 (+),MORPH,-0.4878533231474408,0.10944527736131934,0.24149338374291116
SREBF2 (+),GR,ZEB1 (+),MORPH,0.469213139801375,0.11294352823588207,0.24762350007791803
JUND (+),MORPH,EP300,GR,-0.519633307868602,0.11344327836081959,0.24762350007791803
SPEN,GR,RBM27,GR,0.4802139037433155,0.11694152923538231,0.25389444315275517
TTBK1,GR,ZEB1 (+),MORPH,0.5364400305576775,0.11794102948525736,0.25442834138486314
CUX1 (+),GR,SRCIN1,SYN,0.574025974025974,0.1184407796101949,0.25442834138486314
SREBF2 (+),GR,ZBTB18 (+),MORPH,-0.4352941176470588,0.12193903048475763,0.2605644546147979
SPEN,GR,MZF1 (+),MORPH,-0.5844155844155844,0.12293853073463268,0.2613248349647166
NDUFV1,GR,NRF1 (+),GR,-0.43621084797555376,0.12493753123438281,0.26419082125603865
JUND (+),MORPH,MZF1 (+),MORPH,0.44751718869365925,0.13243378310844578,0.2771552368145824
SRCIN1,SYN,ZEB1 (+),MORPH,0.5453017570664629,0.13243378310844578,0.2771552368145824
JUND (+),MORPH,SPEN,GR,-0.5089381207028265,0.14392803598200898,0.29966555183946486
TTBK1,GR,MEIS3 (+),MORPH,0.42337662337662335,0.14742628685657172,0.3053830227743271
THRB (-),MORPH,ZEB1 (+),MORPH,0.29411764705882354,0.15942028985507245,0.32855146031045385
NDUFV1,GR,NR3C1 (+),GR,-0.45882352941176463,0.16091954022988506,0.32971014492753625
MZF1 (+),MORPH,NR3C1 (+),GR,-0.4893812070282658,0.1619190404797601,0.32971014492753625
EP300,GR,MZF1 (+),MORPH,-0.5370511841100076,0.16241879060469766,0.32971014492753625
SPEN,GR,SRCIN1,SYN,0.5737203972498089,0.16441779110444776,0.3321075780517701
RBM27,GR,MEIS3 (+),MORPH,-0.3399541634835752,0.16741629185407297,0.33518044899119065
BHLHE22 (-),MORPH,THRB (-),MORPH,-0.28770053475935825,0.1679160419790105,0.33518044899119065
THRB (-),MORPH,ZBTB18 (+),MORPH,-0.27700534759358286,0.16841579210394803,0.33518044899119065
SOX11 (+),MORPH,TCF4 (+),MORPH,0.44415584415584414,0.1724137931034483,0.34146341463414637
VEZF1,GR,SRCIN1,SYN,0.5074102368220015,0.17691154422788605,0.3486703250316589
RBM27,GR,TNRC6C,GR,0.3778456837280366,0.17841079460269865,0.34992648603234616
EP300,GR,SRCIN1,SYN,0.5456073338426279,0.18690654672663667,0.36252489868809673
CUX1 (+),GR,FMN2,GR,0.24705882352941175,0.1874062968515742,0.36252489868809673
BHLHE22 (-),MORPH,ZEB1 (+),MORPH,0.43682200152788386,0.18840579710144928,0.36252489868809673
CUX1 (+),GR,MZF1 (+),MORPH,-0.4835752482811306,0.18840579710144928,0.36252489868809673
CUX1 (+),GR,ZNF281 (+),MORPH,0.38548510313216194,0.18940529735132433,0.3627290128520645
NDUFV1,GR,SOX11 (+),MORPH,-0.45546218487394957,0.1904047976011994,0.3629312104511125
NR3C1 (+),GR,ZNF281 (+),MORPH,0.36440030557677616,0.19390304847576212,0.36787213869700663
TNRC6C,GR,ZNF281 (+),MORPH,0.33964858670741016,0.20539730134932535,0.38522674146797575
MARCH4,SYN,SREBF2 (+),GR,-0.39281894576012216,0.20539730134932535,0.38522674146797575
NDUFV1,GR,MZF1 (+),MORPH,0.413903743315508,0.20589705147426288,0.38522674146797575
JUND (+),MORPH,NR3C1 (+),GR,-0.4093200916730328,0.20939530234882558,0.3899747374019412
RBM27,GR,NDUFV1,GR,-0.34178762414056535,0.2108945527236382,0.39097346304016944
MZF1 (+),MORPH,TCF4 (+),MORPH,0.3815126050420168,0.21739130434782608,0.4011857707509881
RBM27,GR,FBXO41,SYN,-0.27303284950343776,0.21989005497251374,0.4021412717064891
FOXP2 (+),MORPH,THRB (-),MORPH,-0.2510313216195569,0.21989005497251374,0.4021412717064891
MZF1 (+),MORPH,SOX11 (+),MORPH,0.45240641711229945,0.22188905547226387,0.4039773835055566
CUX1 (+),GR,FBXO41,SYN,0.25347593582887695,0.22288855572213892,0.4039855072463768
NRF1 (+),GR,THRB (-),MORPH,0.25286478227654696,0.22438780609695153,0.40400153905348213
VEZF1,GR,MZF1 (+),MORPH,-0.44782276546982425,0.22488755622188905,0.40400153905348213
LHX9 (+),MORPH,TCF4 (+),MORPH,0.30878533231474403,0.22688655672163918,0.40579710144927533
FOXP2 (+),MORPH,PRKCE,SYN,0.42215431627196337,0.239880059970015,0.4271548436308162
TTBK1,GR,LHX9 (+),MORPH,-0.3402597402597402,0.24287856071964017,0.430605657869755
BHLHE22 (-),MORPH,MEF2C (+),SYN,0.24400305576776166,0.25037481259370314,0.44196597353497163
VEZF1,GR,ZNF281 (+),MORPH,0.33475935828877,0.2608695652173913,0.45543322759221244
MARCH4,SYN,THRB (-),MORPH,-0.22872421695951106,0.2613693153423288,0.45543322759221244
SRCIN1,SYN,MEIS3 (+),MORPH,0.3466768525592055,0.2613693153423288,0.45543322759221244
PRKCE,SYN,SREBF2 (+),GR,0.34606569900687545,0.2698650674662669,0.4682274247491639
EP300,GR,NDUFV1,GR,-0.42918258212375854,0.27136431784107945,0.4685580938344387
FBXO41,SYN,NRF1 (+),GR,-0.22352941176470587,0.2723638180909545,0.4685580938344387
PRKCE,SYN,MZF1 (+),MORPH,-0.4016806722689076,0.27936031984008,0.47856662386106524
TTBK1,GR,THRB (-),MORPH,-0.22658517952635596,0.28235882058970513,0.4813534655266509
TNRC6C,GR,MEF2C (+),SYN,0.22536287242169592,0.28335832083958024,0.4813534655266509
JUND (+),MORPH,RBM27,GR,-0.29106187929717336,0.2893553223388306,0.48762450050694817
MARCH4,SYN,SPEN,GR,-0.43712757830404886,0.2898550724637681,0.48762450050694817
MARCH4,SYN,EP300,GR,-0.42245989304812837,0.2908545727136432,0.48762450050694817
JUND (+),MORPH,VEZF1,GR,-0.3708174178762414,0.29185407296351823,0.48762450050694817
EP300,GR,ZBTB18 (+),MORPH,-0.4096256684491979,0.29535232383808097,0.48794226368597077
BHLHE22 (-),MORPH,SOX11 (+),MORPH,-0.3711229946524064,0.2958520739630185,0.48794226368597077
SRCIN1,SYN,NR3C1 (+),GR,0.4007639419404125,0.2958520739630185,0.48794226368597077
SPEN,GR,NDUFV1,GR,-0.42245989304812837,0.29685157421289354,0.48794226368597077
MARCH4,SYN,NR3C1 (+),GR,-0.3711229946524064,0.2983508245877061,0.48842917251051887
BHLHE22 (-),MORPH,MARCH4,SYN,-0.3442322383498854,0.30434782608695654,0.4961503623188405
SOX11 (+),MORPH,SREBF2 (+),GR,-0.3387318563789152,0.3078460769615192,0.4961503623188405
MEF2C (+),SYN,NRF1 (+),GR,-0.20672268907563024,0.30884557721139433,0.4961503623188405
SOX11 (+),MORPH,ZEB1 (+),MORPH,0.44843391902215424,0.30884557721139433,0.4961503623188405
FMN2,GR,VEZF1,GR,0.18991596638655459,0.3098450774612694,0.4961503623188405
PRKCE,SYN,RBM27,GR,0.2855614973262032,0.31084457771114443,0.4961503623188405
SRCIN1,SYN,SREBF2 (+),GR,0.31336898395721924,0.3118440779610195,0.4961503623188405
SPEN,GR,ZBTB18 (+),MORPH,-0.41237585943468297,0.31284357821089454,0.4961503623188405
TNRC6C,GR,MZF1 (+),MORPH,-0.34087089381207025,0.3148425787106447,0.49702280642624425
BHLHE22 (-),MORPH,FMN2,GR,0.19419404125286477,0.31584207896051975,0.49702280642624425
BHLHE22 (-),MORPH,SRCIN1,SYN,0.3359816653934301,0.3183408295852074,0.499020759890325
BHLHE22 (-),MORPH,FBXO41,SYN,0.20275019098548508,0.31984007996002,0.49944258639910816
TTBK1,GR,TCF4 (+),MORPH,0.3295645530939648,0.33233383308345826,0.515346889292996
VEZF1,GR,NDUFV1,GR,-0.37051184110007634,0.3328335832083958,0.515346889292996
NR3C1 (+),GR,ZBTB18 (+),MORPH,-0.3362872421695951,0.33383308345827084,0.515346889292996
LHX9 (+),MORPH,MEIS3 (+),MORPH,0.2293353705118411,0.3353323338330835,0.5157004830917875
BHLHE22 (-),MORPH,ZBTB18 (+),MORPH,-0.3093964858670741,0.3408295852073963,0.5221766475252939
CUX1 (+),GR,MEF2C (+),SYN,0.20611153552330025,0.34782608695652173,0.5296640069478369
PRKCE,SYN,TNRC6C,GR,0.333231474407945,0.34832583708145926,0.5296640069478369
VEZF1,GR,FBXO41,SYN,0.19052711993888463,0.3523238380809595,0.5337443218689163
BHLHE22 (-),MORPH,ZNF281 (+),MORPH,0.2378915202444614,0.3543228385807096,0.5347772210549
LHX9 (+),MORPH,THRB (-),MORPH,0.18624904507257448,0.3583208395802099,0.5388083735909823
SREBF2 (+),GR,THRB (-),MORPH,0.173414820473644,0.36081959020489757,0.5405636665062303
TTBK1,GR,NRF1 (+),GR,0.31336898395721924,0.36531734132933535,0.5452898550724639
SRCIN1,SYN,TCF4 (+),MORPH,0.3130634071810542,0.3728135932033983,0.5544407283537718
VEZF1,GR,MEF2C (+),SYN,0.1972498090145149,0.3778110944527736,0.5598222786417011
CUX1 (+),GR,PRKCE,SYN,0.37203972498090143,0.39480259870064965,0.5828722002635046
MARCH4,SYN,VEZF1,GR,-0.3234530175706646,0.3983008495752124,0.5845236226652016
FMN2,GR,NRF1 (+),GR,-0.16669213139801375,0.3988005997001499,0.5845236226652016
PRKCE,SYN,JUND (+),MORPH,0.30725744843391894,0.4062968515742129,0.5933687832342821
CUX1 (+),GR,MARCH4,SYN,-0.32284186401833453,0.4112943528235882,0.5985143628902395
CUX1 (+),GR,ZBTB18 (+),MORPH,-0.31581359816653937,0.4142928535732134,0.5993088864820258
SPEN,GR,FBXO41,SYN,0.16852559205500378,0.4147926036981509,0.5993088864820258
CUX1 (+),GR,JUND (+),MORPH,-0.31642475171886936,0.424287856071964,0.6101295641931684
FOXP2 (+),MORPH,TCF4 (+),MORPH,0.27028265851795263,0.42528735632183906,0.6101295641931684
JUND (+),MORPH,SREBF2 (+),GR,-0.2476699770817418,0.43778110944527737,0.6258420085731782
VEZF1,GR,ZBTB18 (+),MORPH,-0.2901451489686784,0.44227886056971516,0.6300533943554539
PRKCE,SYN,NDUFV1,GR,0.3042016806722689,0.4452773613193403,0.6321070234113711
MZF1 (+),MORPH,THRB (-),MORPH,-0.15019098548510312,0.4527736131934033,0.6405090137857901
FOXP2 (+),MORPH,MZF1 (+),MORPH,-0.2660045836516424,0.4662668665667166,0.6573067632850241
MARCH4,SYN,SOX11 (+),MORPH,0.2864782276546982,0.4737631184407796,0.664475322476219
ZBTB18 (+),MORPH,ZEB1 (+),MORPH,-0.27364400305576775,0.4757621189405297,0.664475322476219
SOX11 (+),MORPH,ZBTB18 (+),MORPH,0.27914438502673794,0.47626186906546725,0.664475322476219
FMN2,GR,RBM27,GR,-0.1489686783804431,0.4802598700649675,0.6668645199584509
SRCIN1,SYN,THRB (-),MORPH,-0.15080213903743314,0.48125937031484256,0.6668645199584509
PRKCE,SYN,VEZF1,GR,0.30817417876241404,0.4832583708145927,0.6673567977915804
MARCH4,SYN,ZEB1 (+),MORPH,-0.27456073338426273,0.496751624187906,0.6836649471874232
JUND (+),MORPH,LHX9 (+),MORPH,0.18838808250572958,0.4987506246876562,0.6840971406188797
JUND (+),MORPH,TCF4 (+),MORPH,0.22780748663101602,0.5017491254372813,0.6857971014492754
FMN2,GR,ZEB1 (+),MORPH,-0.11963330786860198,0.504247876061969,0.6857971014492754
MEIS3 (+),MORPH,ZEB1 (+),MORPH,-0.21191749427043544,0.5062468765617192,0.6857971014492754
MEIS3 (+),MORPH,SREBF2 (+),GR,-0.17769289533995414,0.5067466266866567,0.6857971014492754
MEF2C (+),SYN,NR3C1 (+),GR,0.14591291061879297,0.5152423788105946,0.6949780923491742
EP300,GR,MEIS3 (+),MORPH,-0.22016806722689078,0.5197401299350325,0.6977567321949586
EP300,GR,FBXO41,SYN,0.13002291825821238,0.5207396301849075,0.6977567321949586
SPEN,GR,MEIS3 (+),MORPH,-0.2186401833460657,0.5272363818090955,0.7041380625476736
TNRC6C,GR,ZBTB18 (+),MORPH,-0.21802902979373567,0.5347326336831584,0.7078467238872473
JUND (+),MORPH,SOX11 (+),MORPH,-0.25469824293353704,0.5352323838080959,0.7078467238872473
PRKCE,SYN,SPEN,GR,0.30114591291061876,0.5357321339330335,0.7078467238872473
TTBK1,GR,PRKCE,SYN,0.25469824293353704,0.5387306346826587,0.7078467238872473
NR3C1 (+),GR,TCF4 (+),MORPH,0.21986249045072573,0.5387306346826587,0.7078467238872473
FMN2,GR,SREBF2 (+),GR,0.1144385026737968,0.5472263868065967,0.7166900420757364
TCF4 (+),MORPH,ZEB1 (+),MORPH,0.2433919022154316,0.552223888055972,0.7209096416422014
SRCIN1,SYN,ZNF281 (+),MORPH,0.1792207792207792,0.55872063968016,0.7252818035426731
TNRC6C,GR,SOX11 (+),MORPH,-0.23025210084033612,0.5602198900549725,0.7252818035426731
RBM27,GR,SOX11 (+),MORPH,-0.1706646294881589,0.5612193903048476,0.7252818035426731
TCF4 (+),MORPH,THRB (-),MORPH,-0.11199388846447668,0.5627186406796602,0.7252818035426731
MEIS3 (+),MORPH,NR3C1 (+),GR,-0.1657754010695187,0.5762118940529735,0.7343294297123883
EP300,GR,THRB (-),MORPH,0.11871657754010695,0.5772113943028486,0.7343294297123883
PRKCE,SYN,TCF4 (+),MORPH,-0.20794499618029028,0.5787106446776612,0.7343294297123883
SRCIN1,SYN,ZBTB18 (+),MORPH,0.22291825821237582,0.5797101449275363,0.7343294297123883
CUX1 (+),GR,NDUFV1,GR,-0.25469824293353704,0.5797101449275363,0.7343294297123883
PRKCE,SYN,NR3C1 (+),GR,0.22902979373567606,0.5822088955522239,0.7343294297123883
RBM27,GR,ZNF281 (+),MORPH,0.1437738731856379,0.5827086456771614,0.7343294297123883
TTBK1,GR,ZBTB18 (+),MORPH,0.2210847975553858,0.584207896051974,0.7343294297123883
JUND (+),MORPH,TNRC6C,GR,-0.20763941940412528,0.5872063968015993,0.7358203614242262
TTBK1,GR,MARCH4,SYN,0.21925133689839568,0.592703648175912,0.7387747843869475
MARCH4,SYN,SRCIN1,SYN,0.227196333078686,0.5932033983008496,0.7387747843869475
PRKCE,SYN,NRF1 (+),GR,0.2030557677616501,0.5977011494252874,0.7404559915164369
MARCH4,SYN,TNRC6C,GR,-0.19236058059587471,0.5982008995502249,0.7404559915164369
FOXP2 (+),MORPH,ZNF281 (+),MORPH,0.15049656226126812,0.6096951524237881,0.7523897625655258
FMN2,GR,SPEN,GR,0.08877005347593582,0.6266866566716641,0.7710144927536231
FBXO41,SYN,SOX11 (+),MORPH,-0.093353705118411,0.6326836581709145,0.7749257901169897
BHLHE22 (-),MORPH,NDUFV1,GR,-0.18349885408708938,0.6336831584207896,0.7749257901169897
LHX9 (+),MORPH,SRCIN1,SYN,-0.1514132925897632,0.6361819090454772,0.775645210427819
CUX1 (+),GR,SOX11 (+),MORPH,-0.21405653170359049,0.6391804097951025,0.776967803523388
VEZF1,GR,TCF4 (+),MORPH,0.17952635599694422,0.6421789105447276,0.7771739130434783
PRKCE,SYN,MARCH4,SYN,-0.18747135217723448,0.6431784107946027,0.7771739130434783
PRKCE,SYN,EP300,GR,0.21833460656990067,0.6536731634182908,0.7875112888659528
FOXP2 (+),MORPH,NDUFV1,GR,-0.17708174178762415,0.6646676661669165,0.7983877883543435
RBM27,GR,TCF4 (+),MORPH,0.11199388846447668,0.6671664167916042,0.7990252661279978
SRCIN1,SYN,SOX11 (+),MORPH,0.19877769289533992,0.6701649175412294,0.8002557544757034
TTBK1,GR,ZNF281 (+),MORPH,0.11871657754010695,0.6731634182908546,0.801479025882953
RBM27,GR,SRCIN1,SYN,-0.12757830404889228,0.6766616691654173,0.8015380065069505
FOXP2 (+),MORPH,MEIS3 (+),MORPH,0.1226890756302521,0.6771614192903548,0.8015380065069505
FMN2,GR,NR3C1 (+),GR,0.08082505729564553,0.6816591704147926,0.8027725267800883
FMN2,GR,LHX9 (+),MORPH,-0.07471352177234529,0.6821589205397302,0.8027725267800883
NR3C1 (+),GR,THRB (-),MORPH,0.08785332314744079,0.6856571714142928,0.804557258942783
NDUFV1,GR,TCF4 (+),MORPH,0.146524064171123,0.688655672163918,0.8057469824165726
FBXO41,SYN,NR3C1 (+),GR,0.0826585179526356,0.6921539230384808,0.8075129102115609
BHLHE22 (-),MORPH,JUND (+),MORPH,-0.14010695187165775,0.6941529235382309,0.8075246044599477
PRKCE,SYN,ZEB1 (+),MORPH,-0.18716577540106952,0.696151924037981,0.807536231884058
FBXO41,SYN,SREBF2 (+),GR,0.07990832696715049,0.7086456771614192,0.8179168206265139
LHX9 (+),MORPH,ZEB1 (+),MORPH,-0.13155080213903741,0.7091454272863568,0.8179168206265139
NDUFV1,GR,SREBF2 (+),GR,-0.14102368220015277,0.711144427786107,0.8179168206265139
TNRC6C,GR,THRB (-),MORPH,-0.07104660045836517,0.7146426786606697,0.8196184393678866
MEF2C (+),SYN,SOX11 (+),MORPH,-0.0802139037433155,0.7236381809095452,0.8258426966292135
VEZF1,GR,MEIS3 (+),MORPH,-0.10007639419404124,0.7241379310344828,0.8258426966292135
TNRC6C,GR,TCF4 (+),MORPH,0.12757830404889228,0.728135932033983,0.8274633632904218
FOXP2 (+),MORPH,SOX11 (+),MORPH,-0.14346829640947287,0.7296351824087957,0.8274633632904218
FOXP2 (+),MORPH,MARCH4,SYN,-0.1229946524064171,0.7341329335332334,0.8302450446086149
SRCIN1,SYN,NRF1 (+),GR,0.13032849503437738,0.7406296851574213,0.8352657004830918
PRKCE,SYN,ZBTB18 (+),MORPH,-0.12880061115355232,0.7496251874062968,0.840659560027149
FMN2,GR,EP300,GR,0.057601222307104655,0.7511244377811095,0.840659560027149
MZF1 (+),MORPH,ZEB1 (+),MORPH,-0.14316271963330787,0.751624187906047,0.840659560027149
SPEN,GR,MEF2C (+),SYN,0.08082505729564553,0.7586206896551724,0.8435727788279773
SPEN,GR,SOX11 (+),MORPH,-0.1523300229182582,0.7631184407796102,0.8435727788279773
NRF1 (+),GR,SOX11 (+),MORPH,-0.11566080977845683,0.7641179410294853,0.8435727788279773
SREBF2 (+),GR,TCF4 (+),MORPH,-0.09824293353705117,0.7641179410294853,0.8435727788279773
NRF1 (+),GR,TCF4 (+),MORPH,-0.09946524064171122,0.7646176911544228,0.8435727788279773
FOXP2 (+),MORPH,JUND (+),MORPH,-0.12543926661573718,0.7671164417791104,0.84403597659165
TTBK1,GR,RBM27,GR,0.08479755538579069,0.7746126936531734,0.8499804151978065
CUX1 (+),GR,TCF4 (+),MORPH,0.1092436974789916,0.7866066966516742,0.8587925288692553
FOXP2 (+),MORPH,ZBTB18 (+),MORPH,-0.0961038961038961,0.7891054472763618,0.8587925288692553
LHX9 (+),MORPH,MEF2C (+),SYN,0.04965622612681436,0.7896051974012993,0.8587925288692553
NDUFV1,GR,SRCIN1,SYN,-0.12880061115355232,0.791104447776112,0.8587925288692553
JUND (+),MORPH,SRCIN1,SYN,-0.12360580595874712,0.7956021989005497,0.8613719806763285
MEIS3 (+),MORPH,SOX11 (+),MORPH,0.08601986249045072,0.8045977011494253,0.8685762105823729
BHLHE22 (-),MORPH,MEIS3 (+),MORPH,-0.07685255920550038,0.8075962018990505,0.8685762105823729
EP300,GR,MEF2C (+),SYN,0.05821237585943467,0.8105947026486756,0.8685762105823729
SPEN,GR,THRB (-),MORPH,0.04996180290297937,0.8120939530234883,0.8685762105823729
CUX1 (+),GR,THRB (-),MORPH,-0.05210084033613445,0.8145927036481759,0.8685762105823729
CUX1 (+),GR,MEIS3 (+),MORPH,-0.06890756302521009,0.8150924537731135,0.8685762105823729
EP300,GR,TCF4 (+),MORPH,0.0909090909090909,0.8215892053973014,0.8732073753699068
BHLHE22 (-),MORPH,TCF4 (+),MORPH,0.07288006111535524,0.8315842078960519,0.8808121980676329
PRKCE,SYN,ZNF281 (+),MORPH,-0.06340718105423987,0.8330834582708646,0.8808121980676329
VEZF1,GR,SOX11 (+),MORPH,-0.093353705118411,0.8445777111444278,0.8878757552170207
SRCIN1,SYN,MZF1 (+),MORPH,0.0826585179526356,0.8460769615192404,0.8878757552170207
EP300,GR,SOX11 (+),MORPH,-0.08968678380443086,0.847576211894053,0.8878757552170207
NDUFV1,GR,TNRC6C,GR,-0.07624140565317035,0.8490754622688655,0.8878757552170207
PRKCE,SYN,MEIS3 (+),MORPH,0.05699006875477463,0.8530734632683659,0.8878757552170207
TNRC6C,GR,MEIS3 (+),MORPH,0.05699006875477463,0.8540729635182409,0.8878757552170207
MEF2C (+),SYN,ZEB1 (+),MORPH,-0.04140565317035905,0.855072463768116,0.8878757552170207
RBM27,GR,MEF2C (+),SYN,-0.033460656990068754,0.8620689655172413,0.8928571428571428
LHX9 (+),MORPH,NDUFV1,GR,-0.044766997708174175,0.879560219890055,0.9073787979106892
SPEN,GR,TCF4 (+),MORPH,0.062490450725744835,0.88055972013993,0.9073787979106892
PRKCE,SYN,SRCIN1,SYN,0.06493506493506493,0.9005497251374313,0.9256283250779673
TTBK1,GR,NDUFV1,GR,-0.04873949579831932,0.92103948025987,0.9442980529937051
LHX9 (+),MORPH,FBXO41,SYN,-0.020015278838808246,0.9255372313843079,0.9443173150266972
SOX11 (+),MORPH,ZNF281 (+),MORPH,-0.028877005347593583,0.9260369815092454,0.9443173150266972
VEZF1,GR,THRB (-),MORPH,0.019709702062643237,0.9280359820089955,0.9443173150266972
RBM27,GR,THRB (-),MORPH,-0.019709702062643237,0.9310344827586207,0.945
MEF2C (+),SYN,SREBF2 (+),GR,-0.01787624140565317,0.9340329835082459,0.9456792800607179
TTBK1,GR,MZF1 (+),MORPH,-0.027349121466768524,0.9405297351324338,0.9498882399596221
NR3C1 (+),GR,SOX11 (+),MORPH,-0.021543162719633305,0.9590204897551224,0.9620189905047476
TTBK1,GR,JUND (+),MORPH,-0.0267379679144385,0.9615192403798101,0.9620189905047476
FBXO41,SYN,ZEB1 (+),MORPH,-0.010236822001527883,0.9620189905047476,0.9620189905047476
TTBK1,GR,SOX11 (+),MORPH,0.018487394957983194,0.9620189905047476,0.9620189905047476
