gene_set,target,n_genes,rho,null_mean,p_perm_1sided,p_perm_2sided
ASD,"ARI(perm, mean-pairs)",239,0.3181818181818182,0.001005454545454546,0.13978602139786023,0.2773722627737226
ASD,S3 #DEG(FDR<.05),239,0.3781330994899103,0.0005712998876630692,0.20537946205379462,0.40805919408059194
ASD,S3 #DEG(|lFC|>1&FDR<.05),239,0.4200957037790453,-7.625650275119576e-05,0.22897710228977103,0.45935406459354067
ASD,S3 #DEG(|lFC|>1 only),239,-0.15034207570080774,-0.003085201626199606,0.7012298770122988,0.5952404759524048
GR,"ARI(perm, mean-pairs)",120,0.36363636363636365,-0.0009245454545454553,0.102989701029897,0.20857914208579142
GR,S3 #DEG(FDR<.05),120,0.5466984570938462,0.0013580900838306286,0.08359164083591641,0.16948305169483052
GR,S3 #DEG(|lFC|>1&FDR<.05),120,0.5388184026731233,0.0008068577267147518,0.14998500149985,0.3027697230276972
GR,S3 #DEG(|lFC|>1 only),120,-0.26423758759535904,-0.0011462444317067635,0.8325167483251675,0.34566543345665435
SYN,"ARI(perm, mean-pairs)",53,-0.05454545454545456,-0.0006790909090909091,0.5825417458254175,0.8639136086391361
SYN,S3 #DEG(FDR<.05),53,0.15945371665237182,0.0010414605607637767,0.37616238376162386,0.7566243375662434
SYN,S3 #DEG(|lFC|>1&FDR<.05),53,0.2465779130877005,0.0009424755789129892,0.3457654234576542,0.6911308869113089
SYN,S3 #DEG(|lFC|>1 only),53,-0.2687934080711411,-0.0010701622297612044,0.8366163383661633,0.33166683331666835
MORPH,"ARI(perm, mean-pairs)",66,0.19090909090909092,-0.0010572727272727277,0.25677432256774324,0.5131486851314868
MORPH,S3 #DEG(FDR<.05),66,0.10478387094298722,0.001814127713456412,0.42715728427157285,0.8463153684631537
MORPH,S3 #DEG(|lFC|>1&FDR<.05),66,0.11872269889407801,0.002560300664227291,0.43225677432256776,0.8575142485751425
MORPH,S3 #DEG(|lFC|>1 only),66,-0.4145796632961667,-0.00026833782602356243,0.9365063493650635,0.1344865513448655
