metric,scheme,gene_set,n_regions,rho,p_nominal
permutation,anchor->BA9(PFC),ASD,10,0.4424242424242424,0.20042268671194224
permutation,anchor->BA9(PFC),GR,10,0.43030303030303024,0.21449233253280775
permutation,anchor->BA9(PFC),SYN,10,0.11515151515151514,0.7514196523258483
permutation,anchor->BA9(PFC),MORPH,10,0.2606060606060606,0.4670890543863402
permutation,mean-over-pairs,ASD,11,0.3181818181818182,0.34029761418190363
permutation,mean-over-pairs,GR,11,0.36363636363636365,0.2716375409938228
permutation,mean-over-pairs,SYN,11,-0.05454545454545456,0.8734465775233149
permutation,mean-over-pairs,MORPH,11,0.19090909090909092,0.5739131682855215
permutation,anchor->BA17(V1),ASD,10,-0.38181818181818183,0.27625533338543595
permutation,anchor->BA17(V1),GR,10,-0.35757575757575755,0.3103760917056799
permutation,anchor->BA17(V1),SYN,10,-0.2727272727272727,0.44583834154275137
permutation,anchor->BA17(V1),MORPH,10,-0.34545454545454546,0.32822651147136733
bootstrap,anchor->BA9(PFC),ASD,10,0.5393939393939393,0.1075931877824148
bootstrap,anchor->BA9(PFC),GR,10,0.5272727272727272,0.11730806555020223
bootstrap,anchor->BA9(PFC),SYN,10,0.23636363636363633,0.5108853175152002
bootstrap,anchor->BA9(PFC),MORPH,10,0.34545454545454546,0.32822651147136733
bootstrap,mean-over-pairs,ASD,11,0.4909090909090909,0.12520440713849534
bootstrap,mean-over-pairs,GR,11,0.5909090909090909,0.05557560428877463
bootstrap,mean-over-pairs,SYN,11,0.11818181818181818,0.72928477951978
bootstrap,mean-over-pairs,MORPH,11,0.2545454545454546,0.4500365768888285
bootstrap,anchor->BA17(V1),ASD,10,-0.5393939393939393,0.1075931877824148
bootstrap,anchor->BA17(V1),GR,10,-0.16363636363636364,0.6514773427962428
bootstrap,anchor->BA17(V1),SYN,10,-0.6,0.06668799999999996
bootstrap,anchor->BA17(V1),MORPH,10,-0.5151515151515151,0.12755286970323426
