C,map,enrich_z,p,q
inferiortemporal,ASD_z_vs_bg,5.973651254,0.0002002,0.006806807
fusiform,ASD_z_vs_bg,5.650577701,0.002803925,0.047666733
inferiorparietal,ASD_z_vs_bg,5.498516814,0.00439912,0.049856695
middletemporal,ASD_z_vs_bg,4.537027465,0.122122122,0.75124975
parahippocampal,ASD_z_vs_bg,4.649441748,0.124595469,0.75124975
precuneus,ASD_z_vs_bg,4.460436028,0.132573485,0.75124975
superiortemporal,ASD_z_vs_bg,4.11837464,0.197560488,0.865580448
bankssts,ASD_z_vs_bg,4.22746716,0.203665988,0.865580448
lateraloccipital,ASD_z_vs_bg,3.852124615,0.272545491,0.872080129
superiorparietal,ASD_z_vs_bg,3.833841319,0.274545091,0.872080129
superiorfrontal,ASD_z_vs_bg,3.776206141,0.282143571,0.872080129
cuneus,ASD_z_vs_bg,3.592793342,0.382822086,0.981068851
supramarginal,ASD_z_vs_bg,3.418270319,0.395520896,0.981068851
lingual,ASD_z_vs_bg,3.44313866,0.403969527,0.981068851
insula,ASD_z_vs_bg,3.049150336,0.5014997,1
rostralmiddlefrontal,ASD_z_vs_bg,2.964783182,0.517096581,1
posteriorcingulate,ASD_z_vs_bg,2.818039536,0.580169628,1
parstriangularis,ASD_z_vs_bg,2.708751498,0.61034202,1
medialorbitofrontal,ASD_z_vs_bg,2.686929094,0.61908613,1
caudalmiddlefrontal,ASD_z_vs_bg,2.435024665,0.679366353,1
isthmuscingulate,ASD_z_vs_bg,2.45040965,0.689821321,1
pericalcarine,ASD_z_vs_bg,2.355152389,0.718074255,1
lateralorbitofrontal,ASD_z_vs_bg,2.313224958,0.725816143,1
transversetemporal,ASD_z_vs_bg,2.158416799,0.766645924,1
parsopercularis,ASD_z_vs_bg,2.119885417,0.767048884,1
rostralanteriorcingulate,ASD_z_vs_bg,1.478443243,0.840798046,1
paracentral,ASD_z_vs_bg,1.068808548,0.886221505,1
parsorbitalis,ASD_z_vs_bg,0.329328237,0.924755768,1
frontalpole,ASD_z_vs_bg,-0.563518801,0.979127135,1
temporalpole,ASD_z_vs_bg,-0.700104674,0.984312905,1
entorhinal,ASD_z_vs_bg,-1.222024939,0.990566038,1
postcentral,ASD_z_vs_bg,0.48985298,0.99620076,1
caudalanteriorcingulate,ASD_z_vs_bg,-2.826737039,0.999386629,1
precentral,ASD_z_vs_bg,0.084776289,1,1