gene_set,metric,rho,p_nominal,n_regions
ASD,nDEG_FDR05,0.37813309948991036,0.25153064182159524,11
ASD,nLFC_lFC1_only,-0.15034207570080774,0.6590471340669587,11
ASD,nSigLFC_lFC1_FDR05,0.4200957037790453,0.19830412019034369,11
GR,nDEG_FDR05,0.5466984570938462,0.08181234808652153,11
GR,nLFC_lFC1_only,-0.26423758759535904,0.43235356182976625,11
GR,nSigLFC_lFC1_FDR05,0.5388184026731233,0.08722133737078645,11
SYN,nDEG_FDR05,0.15945371665237182,0.6395624260836401,11
SYN,nLFC_lFC1_only,-0.2687934080711411,0.4241577499948138,11
SYN,nSigLFC_lFC1_FDR05,0.2465779130877005,0.46482031341588437,11
MORPH,nDEG_FDR05,0.10478387094298722,0.7591405835551854,11
MORPH,nLFC_lFC1_only,-0.41457966329616674,0.20487715111917146,11
MORPH,nSigLFC_lFC1_FDR05,0.11872269889407801,0.7280862602638447,11
