group,n_cell,assoc_mcz_weighted,assoc_mcz_uniform,assoc_fdr_weighted,assoc_fdr_uniform,delta_assoc_mcz,enriched_weighted_fdr_lt_0.05,enriched_uniform_fdr_lt_0.05
V1|L4,158,4.811035,4.812458,0.001998002,0.0023976024,0.001422999999999952,True,True
V1|L5/6,162,3.709428,3.84485,0.001998002,0.0023976024,0.13542200000000015,True,True
V1|SP,260,2.0573902,2.0870833,0.0269730255,0.023976024000000002,0.02969310000000025,True,True
V1|upper plate,200,4.065275,3.8648536,0.001998002,0.0023976024,-0.20042139999999975,True,True
V2|L4,200,3.90795,3.9028542,0.001998002,0.0023976024,-0.005095799999999873,True,True
V2|L5/6,119,3.3493845,3.5002182,0.001998002,0.0023976024,0.15083369999999974,True,True
V2|SP,140,2.0462446,1.7437726,0.034632034666666665,0.05860806,-0.3024720000000001,True,False
V2|upper plate,147,3.0996954,2.9228728,0.001998002,0.003996004,-0.17682259999999994,True,True
occipital|IZ,283,2.2701995,2.252702,0.01883830457142857,0.023976024000000002,-0.01749749999999972,True,True
occipital|VZ,272,-3.1742861,-3.149182,1.0,1.0,0.025104100000000074,False,False
occipital|iSVZ,307,-3.364419,-3.435935,1.0,1.0,-0.07151600000000036,False,False
occipital|oSVZ,698,-2.7194965,-2.7210686,1.0,1.0,-0.0015721000000001872,False,False
