study,module,module_label,module_n,hub_is_risk_gene,beta,beta_std,conf_low,conf_high,p_value,p_adj,n_risk_genes,risk_genes_in_module
Wamsley,CUX1_(+),CUX1 (+),3205,FALSE,0.43935870762053836,0.27568520849232975,0.374533250792663,0.5041841644484137,5.616344181683306e-40,2.152931936311934e-37,127,"ADNP, AHDC1, ANKRD11, ARID1A, ASH1L, ATAT1, ATP2B2, AUTS2, BAZ2A, BCL11A, BCR, BRAF, BRD4, CACNA1A, CAMTA1, CDK13, CHD2, CHD8, CLTC, CNOT1, CNOT3, CREBBP, CSNK2A1, CTCF, DHDDS, DIP2C, DLG4, DNM1, DNMT3A, DYNC1H1, DYRK1A, EEF1A2, EHMT1, EP300, EP400, FBXO11, FBXW11, FOXP2, GABBR2, GATAD2B, GIGYF1, GNAO1, GNB1, GSE1, GSK3B, HIVEP2, HNRNPD, HNRNPU, HSF2, INTS6, ITSN1, JARID2, KANSL1, KCNB1, KCNMA1, KCNQ3, KDM5B, KDM6B, KMT2C, KMT2E, KMT5B, MAP1A, MARK2, MED13, MEF2C, MTOR, NAA15, NBEA, NF1, NR2F1, NR3C2, NR4A2, NRXN3, NSD1, PHF12, PHF2, PHF21A, POGZ, PPM1D, PPP2R5D, PRR12, PTK2, PTPN11, PTPRS, PTPRT, QRICH1, RAI1, RFX3, SETBP1, SETD1A, SETD2, SETD5, SHANK3, SIN3A, SKI, SLTM, SMARCA2, SMARCA4, SMARCB1, SPEN, SPPL3, SPTBN1, STXBP1, SYNCRIP, SYT1, TAF4, TAOK1, TBL1XR1, TCF12, TCF20, TCF4, TLK2, TM9SF4, TNRC6B, TRIO, USP7, WAC, WDFY3, WDR26, XPO1, YLPM1, YY1, ZBTB7A, ZCCHC14, ZFHX3, ZMYND8, ZNF644"
Wamsley,NR3C1_(+),NR3C1 (+),867,FALSE,0.6095091944466234,0.38244984436301277,0.4985530483476999,0.7204653405455469,6.600497941899738e-27,1.2650954388641164e-24,59,"ADNP, ARID1A, ARID1B, ASH1L, CAPRIN1, CGREF1, CHD2, CNOT3, COL4A3BP, CREBBP, CSNK2A1, CTCF, CTNNB1, CUL3, DYNC1H1, DYRK1A, EP300, FBXW7, FOXP1, GATAD2B, GNB1, GRIN2B, HNRNPU, INTS6, JARID2, KANSL1, KCNMA1, KMT2E, KMT5B, MYT1L, NACC1, NF1, NRXN3, NSD1, PHF12, PSMC5, RAB14, SCN1A, SCN2A, SCN8A, SETBP1, SLC6A1, SLTM, SMARCA2, SPTBN1, SYNCRIP, TAF4, TAOK1, TCF20, TLE3, TLK2, TM9SF4, TRIO, WAC, WDFY3, YLPM1, YY1, ZMYM2, ZNF536"
Wen,M2-gene,EP300,651,TRUE,0.7768764386299412,0.4874680739034069,0.6333115466020522,0.9204413306578301,3.6625402345398316e-26,5.264901587151008e-24,62,"ADNP, ANKRD11, ARID1A, ARID1B, ASH1L, ASXL3, AUTS2, BAZ2A, BRAF, BRD4, CHAMP1, CHD2, CHD8, CNOT1, CNOT3, CREBBP, EP300, EP400, GATAD2B, GSE1, GSK3B, HNRNPD, KANSL1, KDM6B, KMT2A, KMT2C, KMT2D, KMT2E, MARK2, MBD5, MED13L, NF1, NSD1, NSD2, PHF12, PHF21A, POGZ, PRR12, PTPRS, RAI1, RALGAPB, RFX7, SETBP1, SETD1A, SETD1B, SETD2, SETD5, SIN3A, SMARCA4, SON, SPEN, SRCAP, TAF4, TANC2, TLE3, TNRC6B, TRIP12, UBR5, WDFY3, YLPM1, ZCCHC14, ZMYND8"
Wen,M1-tr2,SPEN,475,TRUE,0.8927689938395306,0.5601873866005361,0.7238158641633803,1.0617221235156808,4.989320329175341e-25,6.375242642835158e-23,50,"ARID1A, ASH1L, AUTS2, BAZ2A, BRD4, CHAMP1, CHD8, CREBBP, DSCAM, EP300, EP400, GATAD2B, GRIN2B, HNRNPD, KANSL1, KCNB1, KDM6B, KMT2A, KMT2C, KMT2D, KMT2E, MAP1B, MBD5, MED13L, NBEA, NF1, NR4A2, NSD1, NSD2, PCLO, PHF12, PHF21A, POGZ, PRR12, SCN8A, SETBP1, SETD1B, SETD2, SETD5, SIN3A, SON, SPEN, SRCAP, TAF4, TANC2, TNRC6B, WDFY3, YLPM1, ZCCHC14, ZMYND8"
Wang,MEF2C_+_+,MEF2C (+),765,TRUE,0.587411108476522,0.3685839181112212,0.4687579932141668,0.7060642237388772,3.531761370667348e-22,4.06152557626745e-20,56,"ANK2, ARF3, ATP2B2, BCL11A, CACNA1A, CELF4, DNM1, DSCAM, EEF1A2, EXT1, FBXW7, FOXP1, GABBR2, GABRA1, GABRA4, GABRB3, GRIA2, GRIN1, GRIN2A, GRIN2B, HIVEP2, ITSN1, KCNB1, KCND3, KCNMA1, KCNQ3, MAP1B, MED13L, MEF2C, MKX, MYT1L, NBEA, NRXN1, NRXN3, PACS1, PBX1, PCLO, PPP3CA, PTPRT, RORB, SATB2, SCN1A, SCN2A, SCN8A, SHANK2, SMARCA2, SOX5, SPTBN1, STXBP1, SYT1, TANC2, TRIO, TUBB2A, TUBB3, YWHAG, ZBTB18"
GandalIsoforms,IsoformM12_lightgreen,TTBK1,298,FALSE,0.9627812808369941,0.6041181238390264,0.7597083704791759,1.1658541911948122,1.7687568627632374e-20,1.8491549019797483e-18,27,"ANKRD11, ARID1A, BRD4, CHAMP1, CIC, CREBBP, GATAD2B, GNAO1, GRIN1, KIF1A, KMT2D, LMTK3, PACS1, PRR12, RAI1, SCAF1, SETD1A, SETD1B, SHANK3, SKI, SPPL3, SRCAP, TM9SF4, YLPM1, YY1, ZBTB7A, ZNF865"
Wen,M11-iso,VEZF1,2436,TRUE,0.3717542759550503,0.23326533262451776,0.29106361134817527,0.4524449405619253,1.9791693239019527e-19,1.7508036326824966e-17,86,"ACTG1, ADNP, ANK2, ARF3, ARID1B, ATP2B2, BCAT1, BCR, BRAF, BRD1, BRD4, BRSK2, CAPRIN1, CDK13, CHAMP1, CHD2, CHD7, CHD8, CNOT1, CSNK1E, CSNK2A1, DLG4, DNMT3A, DYNC1H1, DYRK1A, EFTUD2, EHMT1, FBXW11, FBXW7, FOXP1, GNB1, GRIA2, GSK3B, HNRNPU, ITSN1, JARID2, KANSL1, KCNQ3, KDM5B, KMT2A, KMT2E, KMT5B, MAP1B, MAPK8IP3, MBD5, MED13L, MEF2C, MYT1L, NACC1, NRXN1, NSD2, PBX1, PHF12, PHF21A, PPP2R5D, PPP3CA, PSMD12, PTK2, PTPN11, QRICH1, RALGAPB, SATB2, SETD2, SETD5, SLTM, SMAD4, SMARCA4, SPEN, SPPL3, SRSF1, SYNCRIP, TBL1XR1, TCF12, TCF4, TLE3, TM9SF4, TRAF7, TRIP12, TSC2, VEZF1, WAC, ZBTB20, ZEB2, ZMYM2, ZMYND8, ZNF292"
GandalIsoforms,IsoformM4_yellow,MARCH4,646,TRUE,0.6282865070940064,0.39423207892974027,0.4864447674590488,0.77012824672896385,4.3987977673318326e-18,3.1616358952697547e-16,32,"ARF3, ASXL3, ATP2B2, BAI1, BCL11A, CGREF1, DLG4, EGR3, FOXG1, GABBR2, GNB1, GRIN2B, HIVEP2, KCNQ2, KCNQ3, MTOR, NACC1, NCKAP1, NRXN3, PCLO, PLXNA1, PTPRS, SETBP1, SHANK2, SOX11, SPTBN1, SYNGAP1, TANC2, TRIO, TUBB2A, TUBB3, ZBTB18"
Wang,ZBTB18_+_+,ZBTB18 (+),265,TRUE,0.8082985932528104,0.5071845904950516,0.6112466672025806,1.00535051930304,9.832942588695208e-16,5.95151788263131e-14,17,"ASXL3, BCL11A, DYNC1H1, FOXG1, KDM5B, KDM6B, MAP1B, MEF2C, NCKAP1, SATB2, SMARCA4, SOX5, TBR1, TUBB2A, TUBB3, USP7, ZBTB18"
Wang,SOX11_+_+,SOX11 (+),264,TRUE,0.8087607221200843,0.5074745633370938,0.6081597928779068,1.0093616513622619,2.97931018166497e-15,1.6315270042451025e-13,30,"ACTB, ACTG1, ADNP, ARID1B, ASXL3, AUTS2, BCL11A, CAPRIN1, CHD7, CSNK1E, FOXG1, GSE1, GSK3B, HNRNPD, HNRNPU, KCNQ3, KDM5B, KDM6B, KMT2E, MAP1B, MYT1L, NFIB, POU3F3, PTPRS, SETBP1, SOX11, SOX5, SPEN, TCF4, UBR5"
Wamsley,JUND_(+),JUND (+),1975,FALSE,0.3071732124609455,0.19274253508978556,0.22996556896856019,0.38438085595333077,6.8078034818169684e-15,3.403901740908484e-13,50,"ACTG1, ANKRD11, AP2S1, CAMK2A, CIC, CLTC, CSNK1E, DLG4, DNM1, DYNC1H1, EEF1A2, EGR3, FBXW11, FOXG1, FOXP1, GABRA1, GNB1, GRIN1, INTS6, IRF2BPL, KCNA2, KDM6B, KIF1A, KMT5B, LRRC4, MAP1A, MAP1B, MEF2C, NACC1, NR2F1, PHF12, PPP2R1A, PSMD12, PTPN11, PUF60, RAB14, SPTBN1, STXBP1, SYNCRIP, SYNGAP1, TM9SF4, TRIM8, TRIP12, TUBB2A, USP7, WAC, YWHAG, YY1, ZBTB18, ZBTB7A"
Wen,M84-gene,SRCIN1,349,TRUE,0.7888402070631487,0.4949750014722839,0.5863170300824136,0.9913633840438838,2.43984931123704e-14,1.1223306831690385e-12,23,"ADGRB1, AHDC1, ANK2, ATAT1, CIC, DIP2C, DSCAM, DYNC1H1, GNAO1, GRIN2B, LMTK3, MAP1B, PACS1, PCLO, SCAF1, SHANK2, SHANK3, SKI, STXBP1, SYNGAP1, TRIO, ZBTB7A, ZNF865"
Wen,M6-iso,TNRC6C,2827,TRUE,0.30406088037536416,0.19078963440743035,0.22469479233033013,0.3834269684203982,6.373825203693682e-14,2.8191919170183595e-12,90,"ACTB, ADGRB1, AHDC1, ANKRD11, ARID1A, ATAT1, AUTS2, BAZ2A, BCL11A, BRD4, CACNA1A, CAMK2A, CHD8, CIC, CNOT3, CREBBP, CXXC1, DHDDS, DIP2C, DLG4, DNM1, DYNC1H1, EFTUD2, EHMT1, EP300, EP400, FBXW7, GABRB3, GATAD2B, GNAO1, GNB1, GSE1, HNRNPD, HNRNPU, INTS6, ITSN1, KCND3, KCNMA1, KCNQ2, KIF1A, KMT2A, KMT2D, KMT2E, KMT5B, LMTK3, MAPK8IP3, MARK2, MED13, MED13L, MYT1L, NSD2, PACS1, PHF12, PHF21A, POGZ, PPP3CA, PRR12, PSMC5, PSMD12, PTCH1, PTPRS, QRICH1, RAI1, SETD1A, SETD1B, SHANK2, SIN3A, SLC6A1, SLTM, SMARCA2, SMARCA4, SPEN, SPPL3, SRCAP, STXBP1, SYNGAP1, TAF4, TANC2, TCF12, TCF4, TCF7L2, TLE3, TRIM8, TRIO, TRIP12, TSC2, UBR5, WAC, WDFY3, ZMYND8"
GandalIsoforms,IsoformM3_brown,PRKCE,1003,TRUE,0.4195653602296414,0.2632654407545446,0.3065347344086364,0.5325959860506464,3.6635542093618297e-13,1.4043624469220349e-11,38,"ANK2, ATP2B2, BRAF, CAMK2A, CAMTA1, CLTC, DNM1, DYNC1H1, DYRK1A, EEF1A2, FBXW7, GABRA1, GABRA4, GRIA2, GRIN2A, GSK3B, KCNA2, KCNB1, KCNMA1, LRRC4, MAP1A, MEF2C, MYT1L, NBEA, NF1, NRXN3, PCLO, PPP2CA, PPP2R1A, PPP3CA, PSMD12, SCN1A, SCN2A, SCN8A, STXBP1, SYT1, TBR1, YWHAG"
Wamsley,SREBF2_(+),SREBF2 (+),2496,FALSE,0.23580781900862693,0.14796276167960024,0.1657010373586413,0.30591460065861253,4.497572214873783e-11,1.2615141578304513e-9,78,"ADNP, ANKRD11, ARID1A, ASH1L, ATAT1, ATP2B2, BCR, BRD1, BRD4, CAMTA1, CDK13, CHAMP1, CHD8, CNOT1, CREBBP, CSNK2A1, CTCF, CUL3, CXXC1, DIP2C, DNMT3A, DYNC1H1, EFTUD2, EP300, EXT1, GABBR2, GATAD2B, GNAO1, GNB1, JARID2, KIF1A, KMT2C, KMT2D, KMT5B, LMTK3, LRRC4, MAPK8IP3, MTOR, NF1, NR2F1, NRXN3, NSD1, PHF12, POGZ, PRR12, PSMC5, PSMD12, PTK2, PTPN11, PTPRS, PUF60, QRICH1, RAB14, RAI1, RFX3, RORB, SETD1B, SIN3A, SLTM, SMARCA4, SMARCB1, SPEN, SPPL3, SYNCRIP, TAOK1, TCF20, TLK2, TM9SF4, TNRC6B, TSC2, WAC, YY1, ZBTB7A, ZCCHC14, ZEB2, ZMYM2, ZMYND8, ZNF536"
Wamsley,FOXP2_(+),FOXP2 (+),943,TRUE,0.3552706965693302,0.2229223510451544,0.24941088981198434,0.46113050332667604,4.9637481825905374e-11,1.3591215261855043e-9,36,"ARID1B, ASXL3, BRSK2, CDK13, CELF4, CHD7, CREBBP, DYRK1A, FBXW7, FOXP1, FOXP2, GRIK3, HIVEP2, HSF2, KANSL1, KCNMA1, KCNQ3, MED13L, MEIS2, MKX, PACS1, PPM1D, PPP3CA, PTPRS, PTPRT, RORB, SKI, SYT1, TBL1XR1, TLK2, TRIM8, WAC, WDFY3, WDR26, ZBTB34, ZFHX3"
GandalIsoforms,IsoformM41_maroon,FMN2,464,TRUE,0.5274355906051685,0.3309509706766621,0.3691856361811733,0.6856855450291638,6.717791707752311e-11,1.7786229903380682e-9,25,"ACTB, AP2S1, ARF3, ARID1A, ARID1B, BCR, CACNA1A, CAPRIN1, CREBBP, DHDDS, DNM1, EP300, EP400, GNAO1, KDM5B, KMT2E, PACS1, PSMC5, PTK2, SMARCA2, TRIM8, WAC, WDFY3, WDR26, ZNF292"
Wamsley,ZEB1_(+),ZEB1 (+),2057,FALSE,0.24922230999221304,0.1563799767694225,0.17292542684724485,0.32551919313718125,1.5851907710933727e-10,3.87865826969655e-9,74,"ADNP, AHDC1, ARID1B, BRAF, CACNA1A, CHD2, CHD7, CHD8, CNOT3, CSNK2A1, CTNNB1, DIP2C, DLL1, DSCAM, DYRK1A, FOXP1, GABRB3, GRIA2, GRIK3, GRIN1, GSK3B, HNRNPD, HSF2, INTS6, ITSN1, KCNA2, KCNMA1, KDM5B, KDM6B, KMT2A, KMT2C, KMT2E, MED13L, MEF2C, MEIS2, MSL2, MTOR, NBEA, NCKAP1, NF1, NFIB, NR2F1, NR3C2, NRXN1, NSD1, PCLO, PTCH1, PTEN, PTPRT, QRICH1, RAI1, REV3L, RFX7, RORB, SETD5, SIN3A, SLC6A1, SMAD4, SMARCA2, SOX5, SPPL3, SPTBN1, SYNCRIP, TCF12, TCF4, TCF7L2, TLE3, TRIO, UBR5, USP7, WAC, ZBTB20, ZFHX3, ZNF536"
Wamsley,NRF1_(+),NRF1 (+),1591,FALSE,0.24092858530030944,0.15117589823129968,0.1568007167327384,0.3250564538678805,2.0280096250662673e-8,3.7019223314701703e-7,57,"ADNP, AHDC1, ARID1A, CAMTA1, CDK13, CHD2, CNOT1, COL4A3BP, CUL3, CXXC1, DYRK1A, EFTUD2, EHMT1, EP400, FBXW11, FOXG1, FOXP2, HIVEP2, HNRNPD, HNRNPU, INTS6, JARID2, KANSL1, KCNA2, KDM5B, KMT2C, LEMD3, MED13, MEIS2, MSL2, NAA15, NRXN3, PACS1, PCLO, PHF12, PHF21A, POGZ, POU3F3, PPM1D, PTCH1, RALGAPB, RFX7, RORB, SMAD4, SPTBN1, SYT1, TAOK1, TBL1XR1, TLK2, TM9SF4, TNRC6B, TOP3B, TSC2, YY1, ZBTB20, ZMYM2, ZNF644"
Wang,THRB_-_+,THRB (-),503,FALSE,0.40584965759269387,0.25465922383997874,0.2598409878484629,0.5518583273369249,5.184491080566507e-8,9.03358294341134e-7,27,"ACTB, ACTG1, ARID1A, AUTS2, CHD7, CNOT1, FOXG1, GNAI1, HNRNPD, KMT2C, KMT2E, KMT5B, MED13L, MEIS2, NFIB, PBX1, SMAD4, SOX11, SOX5, SPEN, TAOK1, TCF12, TRIP12, TUBB3, WAC, ZNF536, ZNF644"
Wen,M56-xx,NDUFV1,2346,FALSE,0.21881138316456616,0.13729797712423578,0.135789290586317,0.3018334757428153,2.4297197680401466e-7,3.6765496490081166e-6,27,"ACTB, ARF3, BCR, BRD1, BRSK2, CSNK1E, CXXC1, DEAF1, DHDDS, DLG4, EEF1A2, IRF2BPL, KCNQ2, LRRC4, MAPK8IP3, NACC1, PHF2, PPP2R1A, PPP2R5D, PSMC5, PUF60, SMARCB1, TCF20, TRAF7, TRIM8, TUBB2A, TUBB3"
Wang,LHX9_+_+,LHX9 (+),120,FALSE,0.7989057161785598,0.5012908248096472,0.47032869899166424,1.1274827333654553,1.9026945989472523e-6,2.5742338691639295e-5,9,"EBF3, FOXP2, JARID2, NR2F1, PTPRS, SOX11, TBL1XR1, TCF7L2, TUBB3"
Wang,BHLHE22_-_+,BHLHE22 (-),30,FALSE,1.4108273217470357,0.8852543891731101,0.8286266431973903,1.9930280002966811,2.0589193948979004e-6,2.75320616759603e-5,5,"GRIK3, KCND3, NF1, NRXN3, SCN1A"
Wamsley,TCF4_(+),TCF4 (+),14,TRUE,1.9203008685960925,1.2049346835391326,1.1112350958180182,2.729366641374167,3.3176281035373435e-6,4.1470351294216794e-5,4,"ARID1B, NRXN1, SETD5, TCF4"
Wamsley,MZF1_(+),MZF1 (+),56,FALSE,0.9693086009919742,0.6082138333051423,0.5457641808668169,1.3928530211171317,7.329368123732502e-6,8.529865729639411e-5,4,"MAF, PRR12, SETD1B, SMARCA2"
Wen,M88-xx,FBXO41,1299,TRUE,0.25474833561303056,0.15984740213048942,0.14220098892598992,0.3672956823000712,9.216512522566653e-6,1.0390211856733882e-4,21,"ADGRB1, ANK2, ATP2B2, CGREF1, DIP2C, DNM1, EGR3, GABBR2, GABRA1, GRIN1, GRIN2B, HIVEP2, KCNMA1, KIF1A, LMTK3, MAP1A, NR3C2, PCLO, SHANK2, SHANK3, SPTBN1"
Wen,M112-xx,RBM27,1552,FALSE,0.19918592956714556,0.12498355801083495,0.10934695524902326,0.28902490388526786,1.3986076422229916e-5,1.4892581375522597e-4,31,"BCAT1, BRAF, CAPRIN1, CSNK2A1, CTCF, CUL3, DYRK1A, FBXO11, GSK3B, HSF2, KMT5B, LEMD3, MED13, NAA15, PTPN11, RALGAPB, RANBP2, RFX3, SMAD4, SRSF1, SYNCRIP, TAOK1, TBL1XR1, TLK2, USP7, VEZF1, WDR26, YY1, ZMYM2, ZNF292, ZNF644"
Wamsley,ZNF281_(+),ZNF281 (+),197,FALSE,0.47509621432833554,0.29810948691642836,0.24766210473533898,0.7025303239213321,4.256813920765699e-5,3.88518730863536e-4,7,"ACTB, IRF2BPL, MAP1A, MEIS2, PLXNA1, TRIM8, XPO1"
Wamsley,MEIS3_(+),MEIS3 (+),102,FALSE,0.6033490565646205,0.3785845314264857,0.2969535463182138,0.9097445668110271,1.1404422575205772e-4,9.301479405309672e-4,6,"CAMK2A, DLG4, FBXW7, GRIN1, GSE1, NACC1"
