"","RG-vRG","RG-tRG","RG-oRG","IPC-EN","EN-Newborn","EN-IT-Immature","EN-L2_3-IT","EN-L4-IT","EN-L5-IT","EN-L6-IT","EN-Non-IT-Immature","EN-L5-ET","EN-L5_6-NP","EN-L6-CT","EN-L6b","IPC-Glia","IN-dLGE-Immature","IN-CGE-Immature","IN-MGE-Immature","IN-CGE-VIP","IN-CGE-SNCG","IN-Mix-LAMP5","IN-MGE-SST","IN-MGE-PV","Astrocyte-Immature","Astrocyte-Protoplasmic","Astrocyte-Fibrous","OPC","Oligodendrocyte-Immature","Oligodendrocyte","Cajal-Retzius cell","Microglia","Vascular","Unknown"
"CUX1_(+)",4.23409269442262,4.82456140350877,3.68150684931507,13.6453963347317,32.0936243538196,36.0972222222222,62.7766599597586,42.2614353312303,22.7951857231791,33.4900864260295,12.9712201053912,12.7067014795474,11.2485939257593,19.7506234413965,11.0233056522904,15.538362346873,8.31728917982287,15.6605113636364,17.0187514835034,15.3562919644791,17.1341463414634,13.0518977536793,24.2899019508744,34.1326938449241,5.10440835266821,10.204766700235,9.68347010550997,18.6204047914085,24.7611464968153,15.3187481268999,10.7514450867052,58.1911262798635,23.0559875583204,14.6747352496218
"NR3C1_(+)",18.2639434406913,14.4110275689223,12.6712328767123,42.1285051887834,42.212330078499,15.5416666666667,26.6431924882629,27.1145504731861,25.2438265200249,14.5144890696492,32.8536684231861,21.6710182767624,22.7221597300337,31.5461346633416,25.8371283150281,23.0818826563507,30.4582210242588,32.9900568181818,37.669119392357,20.7927225471085,16.7073170731707,13.5941130906274,25.0075811179622,15.720756727951,5.75827884412571,2.51762336354481,2.9073856975381,19.7852127220157,14.2515923566879,17.2924605043456,25.4335260115607,49.0071362085014,37.2861586314152,23.9031770045386
"M2-gene",23.5978004713276,33.5213032581454,24.8287671232877,68.4919408257894,73.6262684281065,33.0694444444444,5.54158283031522,4.10094637223975,4.43037974683544,16.4590747330961,40.3323875152006,29.3298520452567,21.9347581552306,21.8703241895262,19.1267077417627,19.9871050934881,46.4381979206777,35.3693181818182,54.6403987657251,6.2811349361057,11.1585365853659,2.13013168086754,8.77388052158092,6.42152944311218,16.030373338958,8.02282645182947,7.8546307151231,5.32837670384139,17.0382165605096,10.1425696793253,22.3121387283237,40.2730375426621,7.50388802488336,25.9455370650529
"M1-tr2",11.5239591516104,13.2832080200501,8.6472602739726,31.7840582910135,65.5896994064714,44.1944444444444,23.2142857142857,16.7981072555205,19.4542436190081,34.379766141332,51.6720713417106,45.4308093994778,45.5005624296963,49.3266832917706,44.9236538976694,9.9290780141844,27.4547554871005,34.5170454545455,43.2945644433895,15.1180420186268,18.5365853658537,13.2068164213788,22.2076215505913,16.1470823341327,8.18392744146804,7.55287009063444,7.24501758499414,7.52581577860388,8.51910828025478,2.11071627349403,18.6127167630058,8.19112627986348,3.84914463452566,23.2980332829047
"MEF2C_+_+",0.2827965435978,0.12531328320802,0.214041095890411,0.198719364098035,3.73827302316676,48.0694444444444,97.4932930918846,92.3649447949527,94.5424361900809,69.2043721403152,10.4783137413863,30.6353350739774,48.7064116985377,44.8877805486284,30.9804446825609,0.451321727917473,0.962649210627647,17.5426136363636,5.36434844528839,37.7084687026207,38.0487804878049,55.7707203718048,48.4585060143536,64.7881694644285,1.11790761442734,3.39039946290702,2.53223915592028,1.38785625774473,2.30891719745223,0.239756818084514,8.32369942196532,0.946323301272107,2.76049766718507,7.79122541603631
"IsoformM12_lightgreen",1.99528672427337,4.63659147869674,4.70890410958904,15.4780304703025,28.1782500478652,24.8333333333333,47.1914822266935,39.318809148265,38.1718198796431,32.6893746822572,14.7750304012971,12.4456048738033,20.3599550056243,23.9401496259352,18.9124028931155,8.31721470019342,15.5179052753177,28.3380681818182,23.3088060764301,29.0448343079922,36.0365853658537,41.130906274206,40.3214394015971,33.2267519317879,10.2088167053364,24.9076871433367,14.9120750293083,7.9966955803387,16.640127388535,8.96091107590872,14.3352601156069,18.8333850449891,9.52566096423017,12.7836611195159
"M11-iso",32.3173605655931,40.9774436090226,26.4554794520548,71.5168911459483,74.0905609802795,31.5833333333333,2.48155600268276,1.53292586750789,2.74953309815314,11.6802236908998,48.5914065666802,42.993907745866,21.2035995500562,24.0897755610973,27.2301098312349,31.785944551902,37.1582595302272,31.7116477272727,49.9169238072632,6.21615767814598,11.4634146341463,2.285050348567,9.50166784595168,5.83533173461231,16.9584475848977,4.76670023497818,9.21453692848769,6.08839322593969,31.6082802547771,14.2955002782892,22.6589595375723,31.0114799875892,11.1586314152411,26.4750378214826
"IsoformM4_yellow",0.180675569520817,0.25062656641604,0.171232876712329,0.165599470081696,4.22171165996554,36.1319444444444,97.1495640509725,76.6117902208202,84.5299854741648,54.5119471276055,6.47547628698825,17.6675369886858,34.5894263217098,32.4438902743142,18.2962764532548,0.386847195357834,1.88679245283019,10.7244318181818,2.56349394730596,13.9051332033788,16.9512195121951,25.7939581719597,17.8712220762155,15.6408206767919,1.11790761442734,3.05471634776771,2.36811254396249,3.8331268071045,2.38853503184713,0.252600933339042,7.16763005780347,1.38070121005275,2.21617418351477,5.06807866868381
"ZBTB18_+_+",4.32050274941084,1.8796992481203,1.02739726027397,19.9712960918525,52.8719126938541,72.1666666666667,51.9030851777331,47.1017350157729,58.9437642664453,68.1621759023894,69.6595054722335,62.5761531766754,39.7637795275591,48.8029925187032,53.8842753817305,0.838168923275306,4.77474008471313,10.6178977272727,7.71421789698552,4.57006714316656,3.84146341463415,1.82029434546863,3.79055898109775,2.8910205169198,1.85614849187935,1.3091641490433,4.73622508792497,1.28046261875258,1.99044585987261,0.128441152545276,16.6473988439306,1.87713310580205,2.83825816485226,27.4583963691377
"SOX11_+_+",83.56637863315,46.4912280701754,64.1695205479452,95.3742548023846,73.8512349224584,17.4861111111111,1.39168343393696,4.04672712933754,3.30981531438058,9.12557193695984,64.4000810701257,47.6936466492602,24.578177727784,34.4139650872818,35.4540583980713,14.3133462282398,71.6596072391221,32.5994318181818,63.0666983147401,3.89863547758285,10.9146341463415,3.36948102246321,9.39047811583948,4.71622701838529,12.0649651972158,0.738502853306479,11.2778429073857,0.925237505163156,2.70700636942675,0.154129383054331,46.242774566474,0.68259385665529,11.547433903577,41.679273827534
"JUND_(+)",34.9410840534171,10.9022556390977,22.1746575342466,28.0083903731508,11.48286425426,11.8402777777778,28.0432595573441,43.5725552050473,44.9574600539531,28.3680732079309,20.0040535062829,8.18102697998259,12.8233970753656,23.2917705735661,13.7021162603804,21.6634429400387,8.89487870619946,14.5596590909091,8.4500356040826,29.4780160277236,12.3170731707317,28.0402788536019,23.6935206711816,22.8217426059153,7.9308162834845,3.89392413561598,32.2391559202814,7.32755059892606,9.23566878980892,4.87220105321745,25.8959537572254,20.4312752094322,66.9129082426128,25.8698940998487
"M84-gene",0.628436763550668,0.81453634085213,1.02739726027397,0.518878339589313,17.1261726976833,45.2361111111111,71.4872568745808,54.4607649842271,53.6625855986719,54.9949161159126,18.6866639643291,25.065274151436,37.289088863892,45.4364089775561,40.0080364318243,1.4829142488717,4.50519830573739,18.9985795454545,6.69356752907667,26.4457439896036,38.4756097560976,33.6560805577072,30.5064186798747,24.7268851585398,3.03733389580257,10.5740181268882,5.4630715123095,4.92358529533251,8.28025477707006,0.78777240227769,8.32369942196532,1.27210673285759,1.78849144634526,8.47201210287443
"M6-iso",4.90966221523959,13.0325814536341,9.58904109589041,24.0781629498786,48.2577062990618,31.4930555555556,21.2944332662642,22.0623028391167,17.0678564017431,28.9018810371124,27.9995946493717,18.3637946040035,21.9910011248594,32.4438902743142,22.3680685775516,30.1096067053514,36.3111282248749,29.4034090909091,35.7939710420128,9.72492960797054,14.5121951219512,8.40433772269559,17.3152734256545,17.359445776712,22.6956338325248,38.9728096676737,29.3317702227433,14.3990086741016,40.2866242038217,18.3499593269684,16.1849710982659,39.6214706794912,20.3343701399689,24.0544629349471
"IsoformM3_brown",0.0864100549882168,0.31328320802005,0.171232876712329,0.0662397880326783,1.12961899291595,15.5833333333333,89.5456069751844,86.3219637223975,77.2670678564017,41.2557193695984,3.82042967166599,8.00696257615318,31.0461192350956,32.3441396508728,13.2333244039646,0.128949065119278,0.462071621101271,17.6491477272727,3.82150486589129,52.8914879792073,36.1585365853659,69.9845081332301,57.020115232993,73.2081001865175,1.11790761442734,3.75965088956025,1.7116060961313,4.37835605121851,1.99044585987261,0.449544033908464,7.28323699421965,5.21253490536767,3.42146189735614,3.85779122541604
"SREBF2_(+)",6.72427336999214,17.8571428571429,16.0102739726027,27.0258335173327,33.6300976450316,7.11805555555556,0.863514419852448,0.990733438485805,0.612160199211455,2.59278088459583,4.29671665991082,3.56832027850305,1.91226096737908,2.46882793017456,1.3661934101259,36.3636363636364,9.43396226415094,9.94318181818182,11.2271540469974,3.35715832791856,2.80487804878049,0.464756003098373,1.14222177297079,0.706101785238476,37.6291921535541,68.2779456193353,26.4947245017585,4.94010739363899,57.5636942675159,98.2532003253843,15.1445086705202,24.8681352776916,5.40435458786936,30.7866868381241
"FOXP2_(+)",1.6967792615868,1.2531328320802,1.49828767123288,0.618238021638331,2.46027187440168,22.6319444444444,57.5285043594903,69.4154179810726,77.2359410666113,37.8368073207931,14.3088771787596,16.710182767624,51.2373453318335,49.2518703241895,35.5076346102331,5.28691166989039,1.84828648440508,4.86505681818182,3.10942321386186,9.72492960797054,12.0121951219512,26.4136328427576,25.0075811179622,25.8859579003464,2.04598186036701,7.92212151728768,5.41617819460727,19.1904171829822,7.96178343949045,0.851992978550328,7.97687861271676,81.9112627986348,14.6189735614308,21.7095310136157
"IsoformM41_maroon",5.49096622152396,7.33082706766917,9.24657534246575,16.4826672554648,28.5468121769098,16.8333333333333,43.1673373574782,42.9071372239748,39.4791450508404,22.4707676664972,19.4770976895014,13.0548302872063,13.0483689538808,23.3416458852868,20.8813286900616,21.5344938749194,14.0931844435888,23.2954545454545,15.1910752432946,34.3729694606888,21.0365853658537,40.3950426026336,31.7598301829576,35.5049293898215,18.8356886732757,21.2151728768043,34.3728018757327,11.9289549772821,17.8343949044586,11.6838635098686,18.150289017341,32.2680732237046,16.9129082426128,18.2299546142209
"ZEB1_(+)",14.6268656716418,27.6315789473684,21.361301369863,12.4641201148156,10.8079647712043,14.3055555555556,10.6388329979879,14.2350157728707,16.279311060386,12.1123538383325,12.0490474260235,16.3620539599652,20.4724409448819,17.3815461346633,18.095365657648,59.1231463571889,9.31844435887563,22.9403409090909,14.621409921671,29.1531297379251,32.9878048780488,36.8319132455461,27.0797533609623,33.1068478550493,40.7298038388526,20.6445115810675,24.6424384525205,96.5716646014044,64.5700636942675,0.963308644089566,15.028901734104,5.70896680111697,34.447900466563,19.6671709531014
"NRF1_(+)",47.3212882953653,65.9774436090226,61.2585616438356,54.294546257452,42.5856787287,5.51388888888889,0.301810865191147,0.931585173501577,0.321643494500934,1.52516522623284,15.5755978921767,10.2697998259356,9.56130483689539,10.0997506234414,7.63461023305652,70.4706640876854,30.2271852137081,19.3181818181818,30.5483028720627,2.40415854450942,4.45121951219512,0.619674670797831,4.20499342969777,2.27817745803357,80.2573296772833,83.6858006042296,69.8007033997655,23.0483271375465,36.2261146496815,49.4498437299311,17.4566473988439,73.3633260937015,24.9222395023328,30.6354009077156
"THRB_-_+",86.6771406127259,53.5087719298246,70.9760273972603,75.8003974387282,37.8853149530921,4.46527777777778,0.653923541247485,1.41462933753943,0.425399460468977,2.14794102694459,48.8650182407783,33.2463011314186,15.748031496063,31.6957605985037,27.8998124832574,20.3739522888459,26.8386599922988,9.80113636363636,26.0384524092096,0.866363439462855,3.90243902439024,1.00697134004648,3.77034266653189,0.932587263522515,17.5701328833579,7.78784827123196,14.3493552168816,1.32176786451879,22.2929936305732,92.56753863938,47.7456647398844,5.22804840210984,25.8164852255054,48.6384266263237
"M56-xx",8.75883739198743,3.00751879699248,7.36301369863014,10.1678074630161,13.8330461420639,14.9861111111111,19.6344735077129,34.6017350157729,36.2108321228471,29.7280122013218,20.3283340089177,13.9251523063534,14.5106861642295,26.9576059850374,15.3629788373962,16.6344294003868,5.81440123219099,11.6122159090909,7.04960835509138,27.7886073207711,15.1219512195122,26.0650658404338,23.7238451430304,23.5278443911537,12.339168951698,32.1920107418597,23.3294255568581,12.061131763734,22.2929936305732,35.8136747013743,21.9653179190751,27.055538318337,40.9797822706065,35.9304084720121
"LHX9_+_+",67.7140612725844,27.3182957393484,44.6489726027397,78.516228748068,45.9888952709171,16.6388888888889,6.91649899396378,16.7981072555205,18.292176800166,19.6492119979664,50.6080259424402,24.4560487380331,14.9606299212598,31.645885286783,28.2882400214305,11.2185686653772,29.7651135926069,15.9801136363636,31.9012580109186,6.88758934372969,8.04878048780488,5.34469403563129,10.9168098655615,6.62136957100986,6.32777894958869,0.671366230278617,11.957796014068,1.73482032218092,4.37898089171974,0.145566639551312,44.1618497109827,2.20291653738753,23.6003110419907,35.0226928895613
"BHLHE22_-_+",3.84131971720346,2.75689223057644,5.56506849315068,0.375358798851844,0.732337736932797,6.19444444444444,44.9111334674715,36.7458596214511,34.8412533720689,23.7163192679207,5.80664775030401,8.61618798955614,34.7581552305962,34.1895261845387,22.7832842218055,19.3423597678917,3.54254909510974,25.4971590909091,8.85354854023261,62.5514403292181,50.2439024390244,52.0526723470178,64.9954513292227,79.5630162536637,14.1320396540814,23.799932863377,23.1418522860492,87.1045022717885,29.140127388535,5.65141071199212,11.2138728323699,3.81632019857276,5.83203732503888,16.9440242057489
"TCF4_(+)",5.36527886881383,9.46115288220551,6.25,7.7831750938397,23.9421788244304,31.2847222222222,8.92018779342723,9.31585173501577,17.711143390745,29.2577529232333,23.4292663153628,23.3246301131419,12.2609673790776,17.2069825436409,12.4162871684972,29.1424887169568,52.5606469002695,85.7244318181818,55.9221457393781,94.8018193632229,89.6341463414634,80.1704105344694,74.406145759628,51.9184652278177,15.3765028475005,10.6075864384021,13.9038686987104,48.4923585295333,29.8566878980892,1.99511923620328,28.4393063583815,1.30313372634192,4.00466562986003,23.8275340393343
"MZF1_(+)",45.1060487038492,65.6015037593985,50.0856164383562,23.6476043276662,15.0583955581084,29.2638888888889,16.6415157612341,10.2375788643533,12.5959742685204,24.7712252160651,29.2460478313741,30.9834638816362,25.0843644544432,33.8653366583541,48.660594695955,29.2069632495164,27.8783211397767,22.2301136363636,31.402800854498,23.7816764132554,23.5975609756098,31.3710302091402,36.8139088244213,31.4148681055156,41.0040075933347,24.8069822087949,31.0199296600235,29.6984717059066,21.3375796178344,3.21102881363189,15.7225433526012,23.6735960285448,25.3499222395023,23.071104387292
"M88-xx",0.219952867242734,0.25062656641604,0.214041095890411,0.165599470081696,2.61344055140724,47.3333333333333,97.4513749161636,91.2066246056782,91.4193816144428,68.467208947636,6.3538710985002,23.0635335073977,39.0326209223847,33.715710723192,15.8183766407715,0.709219858156028,0.731613400077012,21.9460227272727,3.25183954426774,59.0426683993935,56.1585365853659,67.8931061192874,51.460628727383,63.9088729016787,1.20227800042185,4.63242698892246,2.67291910902696,3.58529533250723,2.38853503184713,0.338228368369225,7.97687861271676,1.07043127520943,2.68273716951788,3.93343419062027
"M112-xx",76.496465043205,52.5689223057644,61.3869863013699,92.4597041289468,71.8744016848554,11.0069444444444,0.544936284372904,0.902011041009464,0.186760738742478,2.69445856634469,43.6967977300365,25.5004351610096,16.4229471316085,20.6982543640898,25.2879721403697,52.0309477756286,57.4894108586831,34.9431818181818,62.1409921671018,5.15486246480399,9.57317073170732,0.658404337722696,7.86414636611746,3.71702637889688,16.2412993039443,1.20845921450151,11.3716295427902,2.47831474597274,31.1305732484076,26.4075009633086,29.9421965317919,54.1421036301582,26.4385692068429,28.8956127080182
"ZNF281_(+)",7.80047132757266,4.76190476190476,7.49143835616438,4.43806579818945,1.66092284127896,0.5,0.788061703554661,0.719637223974763,0.249014318323304,0.241484494153533,0.830968788001621,0.783289817232376,1.5185601799775,1.27182044887781,0.924189659791053,4.38426821405545,1.57874470542934,0.710227272727273,0.830761927367672,1.34286333116742,0.853658536585366,0.813323005422153,0.525624178712221,0.759392486011191,5.25205652815862,13.7965760322256,8.30011723329426,2.67657992565056,29.0605095541401,99.2207903412253,15.1445086705202,7.60161340366118,7.85381026438569,20.9531013615734
"MEIS3_(+)",0.219952867242734,0.31328320802005,0.256849315068493,0.728637668359461,8.80719892781926,34.875,95.0620389000671,79.3178233438486,58.4872380161859,43.3274021352313,5.24929063640049,8.44212358572672,17.3790776152981,26.1346633416459,17.7605143316368,0.193423597678917,1.46322680015402,3.19602272727273,1.82767624020888,2.96729478016028,2.80487804878049,1.7428350116189,5.76164965126857,3.19744204636291,0.801518666947901,3.25612621685129,1.47713950762016,0.950020652622883,0.875796178343949,0.166973498308858,5.89595375722543,2.24945702761402,2.68273716951788,4.53857791225416
