"gene_set","threshold","thr_name"
"CUX1_(+)",0.357037700503262,"Global_k1"
"NR3C1_(+)",0.184037699928044,"Global_k1"
"M2-gene",0.140054863540259,"Global_k1"
"M1-tr2",0.155317855075117,"Global_k1"
"MEF2C_+_+",0.358822079108569,"Global_k1"
"IsoformM12_lightgreen",0.0703356519367721,"Global_k1"
"M11-iso",0.235376812752724,"Global_k1"
"IsoformM4_yellow",0.158355328284568,"Global_k1"
"ZBTB18_+_+",0.218896266499489,"Global_k1"
"SOX11_+_+",0.269942318089636,"Global_k1"
"JUND_(+)",0.166292330571336,"Global_k1"
"M84-gene",0.0875260899589496,"Global_k1"
"M6-iso",0.15520571597986,"Global_k1"
"IsoformM3_brown",0.203211120680546,"Global_k1"
"SREBF2_(+)",0.199577884296017,"Global_k1"
"FOXP2_(+)",0.162360413961141,"Global_k1"
"IsoformM41_maroon",0.11716930325359,"Global_k1"
"ZEB1_(+)",0.281158313821576,"Global_k1"
"NRF1_(+)",0.165036828056425,"Global_k1"
"THRB_-_+",0.247616594722363,"Global_k1"
"M56-xx",0.0600231538821463,"Global_k1"
"LHX9_+_+",0.180452535943162,"Global_k1"
"BHLHE22_-_+",0.381200296161236,"Global_k1"
"TCF4_(+)",0.535331435146518,"Global_k1"
"MZF1_(+)",0.0546623417000338,"Global_k1"
"M88-xx",0.106479589898002,"Global_k1"
"M112-xx",0.126458652916856,"Global_k1"
"ZNF281_(+)",0.0915531697423542,"Global_k1"
"MEIS3_(+)",0.0712399505791494,"Global_k1"
