study,module,go_id,term,ontology,odds_ratio,ci_lower,ci_upper,fold_enrichment,p_value,p_adj,n_overlap,n_module,n_pathway,n_background,pct_module,rate_ratio,criterion
GandalGenes,GeneM9_magenta,GO:0016561,"protein import into peroxisome matrix, translocation",BP,109.83884084669658,11.860393398508712,Inf,55.12784090909091,4.849427942144838e-4,0.06456117090128255,2,176,4,19405,1.1363636363636365,0.47404459661868414,direct contrast
GandalGenes,GeneM9_magenta,GO:0031016,pancreas development,BP,19.580479672968718,4.844207030348134,Inf,16.53835227272727,7.463719179339023e-4,0.06456117090128255,3,176,20,19405,1.7045454545454544,0.47404459661868414,direct contrast
GandalGenes,GeneM9_magenta,GO:0006007,glucose catabolic process,BP,55.10775452362032,7.352941450605245,Inf,36.751893939393945,0.001197929993562055,0.06908062962874517,2,176,6,19405,1.1363636363636365,0.47404459661868414,direct contrast
GandalGenes,GeneM9_magenta,GO:1990544,mitochondrial ATP transmembrane transport,BP,44.121973734341694,6.181898545570101,Inf,31.501623376623378,0.001667104177130329,0.07210225566088674,2,176,7,19405,1.1363636363636365,0.47404459661868414,direct contrast
GandalGenes,GeneM9_magenta,GO:0180010,"co-transcriptional mRNA 3'-end processing, cleavage and polyadenylation pathway",BP,31.531417647903016,4.689442001703322,Inf,24.501262626262626,0.002823957134153483,0.08645427322825809,2,176,9,19405,1.1363636363636365,0.47404459661868414,direct contrast
GandalGenes,GeneM9_magenta,GO:0030073,insulin secretion,BP,11.475325164658754,2.940435282966022,Inf,10.336470170454545,0.002998414100402015,0.08645427322825809,3,176,32,19405,1.7045454545454544,0.47404459661868414,direct contrast
GandalGenes,GeneM9_magenta,GO:0043085,positive regulation of catalytic activity,BP,27.571285383677296,4.1848390866680045,Inf,22.051136363636363,0.003508948608925218,0.08672115847772324,2,176,10,19405,1.1363636363636365,0.47404459661868414,direct contrast
GandalGenes,GeneM9_magenta,GO:0006308,DNA catabolic process,BP,22.077571675845245,3.4434447016682954,Inf,18.375946969696972,0.00508547901673959,0.10997348373699364,2,176,12,19405,1.1363636363636365,0.47404459661868414,direct contrast
GandalGenes,GeneM9_magenta,GO:1903428,positive regulation of reactive oxygen species biosynthetic process,BP,18.392519857479748,2.9256707110602944,Inf,15.750811688311689,0.006928836432661874,0.13214082081435571,2,176,14,19405,1.1363636363636365,0.47404459661868414,direct contrast
GandalGenes,GeneM9_magenta,GO:0006397,mRNA processing,BP,3.6730027388222157,1.560675510301189,Inf,3.500180375180375,0.007638197734933856,0.13214082081435571,6,176,189,19405,3.4090909090909087,0.47404459661868414,direct contrast
GandalGenes,GeneM9_magenta,GO:0008593,regulation of Notch signaling pathway,BP,14.717488103743387,2.387181692929909,Inf,12.971256684491978,0.010172284623883391,0.14022391565191977,2,176,17,19405,1.1363636363636365,0.47404459661868414,direct contrast
GandalGenes,GeneM9_magenta,GO:0006396,RNA processing,BP,4.889710615377402,1.620871139761194,Inf,4.642344497607656,0.010981851068352543,0.14022391565191977,4,176,95,19405,2.272727272727273,0.47404459661868414,direct contrast
GandalGenes,GeneM9_magenta,GO:0019222,regulation of metabolic process,BP,13.80013332702205,2.2489678114876486,Inf,12.250631313131313,0.011376143167674069,0.14022391565191977,2,176,18,19405,1.1363636363636365,0.47404459661868414,direct contrast
GandalGenes,GeneM9_magenta,GO:0003690,double-stranded DNA binding,MF,4.733124766756979,1.569886561216953,Inf,4.500231910946197,0.012204256811867103,0.14022391565191977,4,176,98,19405,2.272727272727273,0.47404459661868414,direct contrast
GandalGenes,GeneM9_magenta,GO:0009749,response to glucose,BP,6.649796906951782,1.7412324629112266,Inf,6.240887650085763,0.01232889454128065,0.14022391565191977,3,176,53,19405,1.7045454545454544,0.47404459661868414,direct contrast
GandalGenes,GeneM9_magenta,GO:0001750,photoreceptor outer segment,CC,6.519090388300959,1.7080240587999989,Inf,6.125315656565656,0.01296868584063998,0.14022391565191977,3,176,54,19405,1.7045454545454544,0.47404459661868414,direct contrast
GandalGenes,GeneM9_magenta,GO:0048872,homeostasis of number of cells,BP,11.615472318169138,1.9164682852995045,Inf,10.500541125541126,0.015339330694473538,0.15610024765552483,2,176,21,19405,1.1363636363636365,0.47404459661868414,direct contrast
GandalGenes,GeneM9_magenta,GO:0008380,RNA splicing,BP,3.357407340048615,1.292009200813048,Inf,3.223850345560872,0.019965371428403607,0.18220838874292541,5,176,171,19405,2.840909090909091,0.47404459661868414,direct contrast
GandalGenes,GeneM9_magenta,GO:0001671,ATPase activator activity,MF,9.595560792262305,1.6008160744542577,Inf,8.820454545454545,0.02140161084336528,0.18220838874292541,2,176,25,19405,1.1363636363636365,0.47404459661868414,direct contrast
GandalGenes,GeneM9_magenta,GO:0030279,negative regulation of ossification,BP,9.595560792262305,1.6008160744542577,Inf,8.820454545454545,0.02140161084336528,0.18220838874292541,2,176,25,19405,1.1363636363636365,0.47404459661868414,direct contrast
GandalGenes,GeneM9_magenta,GO:0030145,manganese ion binding,MF,5.275121363779452,1.389798477330463,Inf,5.011621900826445,0.022117781292493838,0.18220838874292541,3,176,66,19405,1.7045454545454544,0.47404459661868414,direct contrast
GandalGenes,GeneM9_magenta,GO:0048568,embryonic organ development,BP,8.486096296918127,1.4247696016453053,Inf,7.8754058441558445,0.026493585649817877,0.19499156591787778,2,176,28,19405,1.1363636363636365,0.47404459661868414,direct contrast
GandalGenes,GeneM9_magenta,GO:0048705,skeletal system morphogenesis,BP,8.486096296918127,1.4247696016453053,Inf,7.8754058441558445,0.026493585649817877,0.19499156591787778,2,176,28,19405,1.1363636363636365,0.47404459661868414,direct contrast
GandalGenes,GeneM9_magenta,GO:0007389,pattern specification process,BP,8.171741259616395,1.3743814441869435,Inf,7.60384012539185,0.028289161286635372,0.19499156591787778,2,176,29,19405,1.1363636363636365,0.47404459661868414,direct contrast
GandalGenes,GeneM9_magenta,GO:0016491,oxidoreductase activity,MF,4.7453073388415055,1.25345084469938,Inf,4.531055417185554,0.028721270312217124,0.19499156591787778,3,176,73,19405,1.7045454545454544,0.47404459661868414,direct contrast
GandalGenes,GeneM9_magenta,GO:0008083,growth factor activity,MF,3.5829947818831345,1.1936414982252985,Inf,3.4454900568181817,0.029305090831588568,0.19499156591787778,4,176,128,19405,2.272727272727273,0.47404459661868414,direct contrast
GandalGenes,GeneM9_magenta,GO:0051085,chaperone cofactor-dependent protein refolding,BP,7.354479824583153,1.2424916603996456,Inf,6.890980113636363,0.033956475590139215,0.2098025098962173,2,176,32,19405,1.1363636363636365,0.47404459661868414,direct contrast
GandalGenes,GeneM9_magenta,GO:0061564,axon development,BP,7.354479824583153,1.2424916603996456,Inf,6.890980113636363,0.033956475590139215,0.2098025098962173,2,176,32,19405,1.1363636363636365,0.47404459661868414,direct contrast
GandalGenes,GeneM9_magenta,GO:1903955,positive regulation of protein targeting to mitochondrion,BP,7.117580360233952,1.2039813106897765,Inf,6.682162534435261,0.03593583103675004,0.21344252713575076,2,176,33,19405,1.1363636363636365,0.47404459661868414,direct contrast
GandalGenes,GeneM9_magenta,GO:0030332,cyclin binding,MF,6.892736887480952,1.1677844672537074,Inf,6.485628342245989,0.037958707116777145,0.21344252713575076,2,176,34,19405,1.1363636363636365,0.47404459661868414,direct contrast
GandalGenes,GeneM9_magenta,GO:0007283,spermatogenesis,BP,2.314827591199387,1.064122345059229,Inf,2.237071805006588,0.03824692682779349,0.21344252713575076,7,176,345,19405,3.977272727272727,0.47404459661868414,direct contrast
GandalGenes,GeneM9_magenta,GO:1990782,protein tyrosine kinase binding,MF,6.301707559788024,1.0711566875723466,Inf,5.9597665847665855,0.04427910108640895,0.2393838902483984,2,176,37,19405,1.1363636363636365,0.47404459661868414,direct contrast
GandalGenes,GeneM9_magenta,GO:0050796,regulation of insulin secretion,BP,6.126396753634545,1.0423954898222638,Inf,5.802930622009569,0.046466767699168146,0.24359850945321482,2,176,38,19405,1.1363636363636365,0.47404459661868414,direct contrast
Wang,MAZ_-_+,GO:0017124,SH3 domain binding,MF,54.9527936833812,16.54068739312165,Inf,42.181648812296224,2.1518301050934884e-6,7.101039346808511e-5,4,19,113,22641,21.052631578947366,0.6460585677007828,ASD-DA-specific vs siblings
Wang,MAZ_-_+,GO:0007158,neuron cell-cell adhesion,BP,189.59745446568382,28.61297217960439,Inf,148.95394736842104,7.950443780638288e-5,0.0013118232238053175,2,19,16,22641,10.526315789473683,0.6460585677007828,ASD-DA-specific vs siblings
Wang,MAZ_-_+,GO:0060828,regulation of canonical Wnt signaling pathway,BP,91.30655705049259,14.454999496903275,Inf,76.87945670628183,3.0577579382796863e-4,0.003363533732107655,2,19,31,22641,10.526315789473683,0.6460585677007828,ASD-DA-specific vs siblings
Wang,MAZ_-_+,GO:0150052,regulation of postsynapse assembly,BP,64.63957990231539,10.350392631513904,Inf,55.42472460220318,5.902431717811088e-4,0.004869506167194147,2,19,43,22641,10.526315789473683,0.6460585677007828,ASD-DA-specific vs siblings
Wang,MAZ_-_+,GO:0005085,guanyl-nucleotide exchange factor activity,MF,18.398588377717804,4.53849523404292,Inf,15.475734791524264,9.002669611606202e-4,0.0053969769872984725,3,19,231,22641,15.789473684210526,0.6460585677007828,ASD-DA-specific vs siblings
Wang,MAZ_-_+,GO:0014069,postsynaptic density,CC,17.475334324213776,4.310879603529339,Inf,14.711500974658868,0.0010420103584596197,0.0053969769872984725,3,19,243,22641,15.789473684210526,0.6460585677007828,ASD-DA-specific vs siblings
Wang,MAZ_-_+,GO:0007612,learning,BP,45.66966097049425,7.3792088285775,Inf,39.72105263157895,0.0011471625261803718,0.0053969769872984725,2,19,60,22641,10.526315789473683,0.6460585677007828,ASD-DA-specific vs siblings
Wang,MAZ_-_+,GO:0005096,GTPase activator activity,MF,16.118705649742374,3.977719921888399,Inf,13.592755653392034,0.0013083580575269024,0.0053969769872984725,3,19,263,22641,15.789473684210526,0.6460585677007828,ASD-DA-specific vs siblings
Wang,MAZ_-_+,GO:0030165,PDZ domain binding,MF,32.69948905596091,5.312188969142797,Inf,28.714013950538998,0.0021803300272098306,0.00754064636346198,2,19,83,22641,10.526315789473683,0.6460585677007828,ASD-DA-specific vs siblings
Wang,MAZ_-_+,GO:0007264,small GTPase-mediated signal transduction,BP,31.91038419912368,5.185734976920904,Inf,28.038390092879258,0.0022850443525642365,0.00754064636346198,2,19,85,22641,10.526315789473683,0.6460585677007828,ASD-DA-specific vs siblings
Wang,MAZ_-_+,GO:0015031,protein transport,BP,11.654682257782351,2.881022681987009,Inf,9.902755503717744,0.0032223693439802034,0.00966710803194061,3,19,361,22641,15.789473684210526,0.6460585677007828,ASD-DA-specific vs siblings
Wang,MAZ_-_+,GO:0008013,beta-catenin binding,MF,25.463098924333785,4.148053221098435,Inf,22.48361469712016,0.003524825147179182,0.00969326915474275,2,19,106,22641,10.526315789473683,0.6460585677007828,ASD-DA-specific vs siblings
Wang,MAZ_-_+,GO:0030425,dendrite,CC,9.491388158988716,2.3482297944750035,Inf,8.106337271750805,0.005639194689681815,0.013889744078026841,3,19,441,22641,15.789473684210526,0.6460585677007828,ASD-DA-specific vs siblings
Wang,MAZ_-_+,GO:0007417,central nervous system development,BP,19.438375395614074,3.1768984405102034,Inf,17.270022883295194,0.005892618699768963,0.013889744078026841,2,19,138,22641,10.526315789473683,0.6460585677007828,ASD-DA-specific vs siblings
Wang,MAZ_-_+,GO:0005770,late endosome,CC,17.73244875614289,2.9004973054300205,Inf,15.783199721157198,0.007013940154232437,0.014651829768049457,2,19,151,22641,10.526315789473683,0.6460585677007828,ASD-DA-specific vs siblings
Wang,MAZ_-_+,GO:0043204,perikaryon,CC,17.61261840459126,2.8812034223651266,Inf,15.679362880886426,0.007103917463296707,0.014651829768049457,2,19,152,22641,10.526315789473683,0.6460585677007828,ASD-DA-specific vs siblings
Wang,MAZ_-_+,GO:0007411,axon guidance,BP,15.171190987521669,2.4841138232090465,Inf,13.541267942583731,0.009419648248207074,0.017446027116107522,2,19,176,22641,10.526315789473683,0.6460585677007828,ASD-DA-specific vs siblings
Wang,MAZ_-_+,GO:0005912,adherens junction,CC,14.745461364571304,2.414672263824832,Inf,13.167199767374235,0.009939249483869919,0.017446027116107522,2,19,181,22641,10.526315789473683,0.6460585677007828,ASD-DA-specific vs siblings
Wang,MAZ_-_+,GO:0098794,postsynapse,CC,14.66317527643374,2.401179197386673,Inf,13.094852515905147,0.010044682278970997,0.017446027116107522,2,19,182,22641,10.526315789473683,0.6460585677007828,ASD-DA-specific vs siblings
Wang,MAZ_-_+,GO:0098978,glutamatergic synapse,CC,7.343332201914493,1.8180765496758406,Inf,6.316068439650362,0.01117508923050352,0.018438897230330806,3,19,566,22641,15.789473684210526,0.6460585677007828,ASD-DA-specific vs siblings
Wang,MAZ_-_+,GO:0030036,actin cytoskeleton organization,BP,13.051296800074015,2.1393862759905966,Inf,11.68266253869969,0.012489822333255584,0.019626863666544488,2,19,204,22641,10.526315789473683,0.6460585677007828,ASD-DA-specific vs siblings
Wang,MAZ_-_+,GO:0005741,mitochondrial outer membrane,CC,12.371564238288112,2.0285252297423546,Inf,11.084944920440634,0.013800838346394544,0.020701257519591815,2,19,215,22641,10.526315789473683,0.6460585677007828,ASD-DA-specific vs siblings
Wang,MAZ_-_+,GO:0048471,perinuclear region of cytoplasm,CC,5.854420828196615,1.4496899098450569,Inf,5.07077267637178,0.02008489624187277,0.028344896323522613,3,19,705,22641,15.789473684210526,0.6460585677007828,ASD-DA-specific vs siblings
Wang,MAZ_-_+,GO:0003779,actin binding,MF,9.961734936051192,1.6349276718570613,Inf,8.9596359319351,0.02061447005347099,0.028344896323522613,2,19,266,22641,10.526315789473683,0.6460585677007828,ASD-DA-specific vs siblings
Wang,MAZ_-_+,GO:0031267,small GTPase binding,MF,9.349255026923082,1.535315907065977,Inf,8.421424586200482,0.023142743198800428,0.030548421022416568,2,19,283,22641,10.526315789473683,0.6460585677007828,ASD-DA-specific vs siblings
Wang,MAZ_-_+,GO:0030424,axon,CC,7.7780888423817185,1.2779598960989098,Inf,7.03027480204937,0.032317404257167615,0.041018243864866584,2,19,339,22641,10.526315789473683,0.6460585677007828,ASD-DA-specific vs siblings
Wang,MAZ_-_+,GO:0005856,cytoskeleton,CC,6.517761118892288,1.0715966259488077,Inf,5.913804362021679,0.04426880808182735,0.0541063209889001,2,19,403,22641,10.526315789473683,0.6460585677007828,ASD-DA-specific vs siblings
Wamsley,NFIL3_(+),GO:0031032,actomyosin structure organization,BP,20.799248439550592,6.4311002477130454,Inf,16.977777777777778,8.062562872712857e-5,0.029294110101843712,4,120,24,12224,3.3333333333333335,0.9485710462426642,ASD-DA-specific vs siblings
Wamsley,NFIL3_(+),GO:0000038,very long-chain fatty acid metabolic process,BP,30.959764607122516,7.210156953497327,Inf,23.50769230769231,2.4558740987063593e-4,0.029294110101843712,3,120,13,12224,2.5,0.9485710462426642,ASD-DA-specific vs siblings
Wamsley,NFIL3_(+),GO:0070527,platelet aggregation,BP,13.870683064283744,4.402927726903383,Inf,11.984313725490196,3.2621222195047963e-4,0.029294110101843712,4,120,34,12224,3.3333333333333335,0.9485710462426642,ASD-DA-specific vs siblings
Wamsley,NFIL3_(+),GO:0071364,cellular response to epidermal growth factor stimulus,BP,12.602784605558082,4.0225662722168,Inf,11.012612612612612,4.5414582390742827e-4,0.029294110101843712,4,120,37,12224,3.3333333333333335,0.9485710462426642,ASD-DA-specific vs siblings
Wamsley,NFIL3_(+),GO:0043426,MRF binding,MF,102.18159802524086,10.96531090795692,Inf,50.93333333333333,5.660850495974121e-4,0.029294110101843712,2,120,4,12224,1.6666666666666667,0.9485710462426642,ASD-DA-specific vs siblings
Wamsley,NFIL3_(+),GO:0061523,cilium disassembly,BP,102.18159802524086,10.96531090795692,Inf,50.93333333333333,5.660850495974121e-4,0.029294110101843712,2,120,4,12224,1.6666666666666667,0.9485710462426642,ASD-DA-specific vs siblings
Wamsley,NFIL3_(+),GO:0045892,negative regulation of DNA-templated transcription,BP,3.267421675683975,1.8208404459509946,Inf,2.9814634146341468,6.914379402698073e-4,0.029294110101843712,12,120,410,12224,10,0.9485710462426642,ASD-DA-specific vs siblings
Wamsley,NFIL3_(+),GO:0044344,cellular response to fibroblast growth factor stimulus,BP,18.20272797684372,4.4867417349203444,Inf,15.280000000000001,9.310188923273291e-4,0.029294110101843712,3,120,20,12224,2.5,0.9485710462426642,ASD-DA-specific vs siblings
Wamsley,NFIL3_(+),GO:0031428,box C/D methylation guide snoRNP complex,CC,68.23404196125982,8.391781817568967,Inf,40.74666666666667,9.374115232589988e-4,0.029294110101843712,2,120,5,12224,1.6666666666666667,0.9485710462426642,ASD-DA-specific vs siblings
Wamsley,NFIL3_(+),GO:0031953,negative regulation of protein autophosphorylation,BP,68.23404196125982,8.391781817568967,Inf,40.74666666666667,9.374115232589988e-4,0.029294110101843712,2,120,5,12224,1.6666666666666667,0.9485710462426642,ASD-DA-specific vs siblings
Wamsley,NFIL3_(+),GO:0044320,cellular response to leptin stimulus,BP,68.23404196125982,8.391781817568967,Inf,40.74666666666667,9.374115232589988e-4,0.029294110101843712,2,120,5,12224,1.6666666666666667,0.9485710462426642,ASD-DA-specific vs siblings
Wamsley,NFIL3_(+),GO:0071870,cellular response to catecholamine stimulus,BP,68.23404196125982,8.391781817568967,Inf,40.74666666666667,9.374115232589988e-4,0.029294110101843712,2,120,5,12224,1.6666666666666667,0.9485710462426642,ASD-DA-specific vs siblings
Wamsley,NFIL3_(+),GO:0009611,response to wounding,BP,9.899566822693801,3.193154344365482,Inf,8.857971014492753,0.0010484067988124144,0.03024250381189657,4,120,46,12224,3.3333333333333335,0.9485710462426642,ASD-DA-specific vs siblings
Wamsley,NFIL3_(+),GO:0046985,positive regulation of hemoglobin biosynthetic process,BP,51.19152392856389,6.7988272900858275,Inf,33.955555555555556,0.0013970871982097767,0.03274423120804164,2,120,6,12224,1.6666666666666667,0.9485710462426642,ASD-DA-specific vs siblings
Wamsley,NFIL3_(+),GO:0048103,somatic stem cell division,BP,51.19152392856389,6.7988272900858275,Inf,33.955555555555556,0.0013970871982097767,0.03274423120804164,2,120,6,12224,1.6666666666666667,0.9485710462426642,ASD-DA-specific vs siblings
Wamsley,NFIL3_(+),GO:0050915,sensory perception of sour taste,BP,51.19152392856389,6.7988272900858275,Inf,33.955555555555556,0.0013970871982097767,0.03274423120804164,2,120,6,12224,1.6666666666666667,0.9485710462426642,ASD-DA-specific vs siblings
Wamsley,NFIL3_(+),GO:0016323,basolateral plasma membrane,CC,4.296256656928045,1.949127875893529,Inf,3.9836126629422717,0.0019042655497008738,0.03575757642266046,7,120,179,12224,5.833333333333333,0.9485710462426642,ASD-DA-specific vs siblings
Wamsley,NFIL3_(+),GO:0051923,sulfation,BP,40.918097956911474,5.716393873805371,Inf,29.104761904761908,0.0019433706161411338,0.03575757642266046,2,120,7,12224,1.6666666666666667,0.9485710462426642,ASD-DA-specific vs siblings
Wamsley,NFIL3_(+),GO:0060413,atrial septum morphogenesis,BP,40.918097956911474,5.716393873805371,Inf,29.104761904761908,0.0019433706161411338,0.03575757642266046,2,120,7,12224,1.6666666666666667,0.9485710462426642,ASD-DA-specific vs siblings
Wamsley,NFIL3_(+),GO:0001525,angiogenesis,BP,4.149223795623459,1.883375829928373,Inf,3.8544144144144146,0.0022949150204718614,0.03575757642266046,7,120,185,12224,5.833333333333333,0.9485710462426642,ASD-DA-specific vs siblings
Wamsley,NFIL3_(+),GO:0045444,fat cell differentiation,BP,7.836726729744304,2.5500525540355317,Inf,7.148538011695907,0.0023361272150407117,0.03575757642266046,4,120,57,12224,3.3333333333333335,0.9485710462426642,ASD-DA-specific vs siblings
Wamsley,NFIL3_(+),GO:0006091,generation of precursor metabolites and energy,BP,12.378434431622278,3.1333446712069764,Inf,10.914285714285716,0.0025268540895754025,0.03575757642266046,3,120,28,12224,2.5,0.9485710462426642,ASD-DA-specific vs siblings
Wamsley,NFIL3_(+),GO:0033077,T cell differentiation in thymus,BP,12.378434431622278,3.1333446712069764,Inf,10.914285714285716,0.0025268540895754025,0.03575757642266046,3,120,28,12224,2.5,0.9485710462426642,ASD-DA-specific vs siblings
Wamsley,NFIL3_(+),GO:0034472,snRNA 3'-end processing,BP,34.10982733440542,4.93099161653995,Inf,25.466666666666665,0.002574545502431553,0.03575757642266046,2,120,8,12224,1.6666666666666667,0.9485710462426642,ASD-DA-specific vs siblings
Wamsley,NFIL3_(+),GO:0042178,xenobiotic catabolic process,BP,34.10982733440542,4.93099161653995,Inf,25.466666666666665,0.002574545502431553,0.03575757642266046,2,120,8,12224,1.6666666666666667,0.9485710462426642,ASD-DA-specific vs siblings
Wamsley,NFIL3_(+),GO:0045616,regulation of keratinocyte differentiation,BP,34.10982733440542,4.93099161653995,Inf,25.466666666666665,0.002574545502431553,0.03575757642266046,2,120,8,12224,1.6666666666666667,0.9485710462426642,ASD-DA-specific vs siblings
Wamsley,NFIL3_(+),GO:0060613,fat pad development,BP,34.10982733440542,4.93099161653995,Inf,25.466666666666665,0.002574545502431553,0.03575757642266046,2,120,8,12224,1.6666666666666667,0.9485710462426642,ASD-DA-specific vs siblings
Wamsley,NFIL3_(+),GO:0015630,microtubule cytoskeleton,CC,4.529483774467493,1.905888509461471,Inf,4.215172413793104,0.003030955457156533,0.03737409597997134,6,120,145,12224,5,0.9485710462426642,ASD-DA-specific vs siblings
Wamsley,NFIL3_(+),GO:0016525,negative regulation of angiogenesis,BP,7.1595979989667695,2.3357160892775233,Inf,6.5720430107526875,0.003177558561358431,0.03737409597997134,4,120,62,12224,3.3333333333333335,0.9485710462426642,ASD-DA-specific vs siblings
Wamsley,NFIL3_(+),GO:0019901,protein kinase binding,MF,2.9908603107465197,1.570893184392844,Inf,2.7756584922797454,0.0032671086607191347,0.03737409597997134,10,120,367,12224,8.333333333333332,0.9485710462426642,ASD-DA-specific vs siblings
Wamsley,NFIL3_(+),GO:0001886,endothelial cell morphogenesis,BP,29.223244959447182,4.336330244397845,Inf,22.637037037037036,0.0032889204462374783,0.03737409597997134,2,120,9,12224,1.6666666666666667,0.9485710462426642,ASD-DA-specific vs siblings
Wamsley,NFIL3_(+),GO:0043534,blood vessel endothelial cell migration,BP,29.223244959447182,4.336330244397845,Inf,22.637037037037036,0.0032889204462374783,0.03737409597997134,2,120,9,12224,1.6666666666666667,0.9485710462426642,ASD-DA-specific vs siblings
Wamsley,NFIL3_(+),GO:0097011,cellular response to granulocyte macrophage colony-stimulating factor stimulus,BP,29.223244959447182,4.336330244397845,Inf,22.637037037037036,0.0032889204462374783,0.03737409597997134,2,120,9,12224,1.6666666666666667,0.9485710462426642,ASD-DA-specific vs siblings
Wamsley,NFIL3_(+),GO:0016791,phosphatase activity,MF,11.047167937836003,2.8147719726178955,Inf,9.858064516129032,0.0033937678185709187,0.03743126270482631,3,120,31,12224,2.5,0.9485710462426642,ASD-DA-specific vs siblings
Wamsley,NFIL3_(+),GO:0031625,ubiquitin protein ligase binding,MF,3.3724475808841534,1.6256441211532089,Inf,3.1464607464607464,0.003977955325528051,0.03829526797834133,8,120,259,12224,6.666666666666667,0.9485710462426642,ASD-DA-specific vs siblings
Wamsley,NFIL3_(+),GO:0008625,extrinsic apoptotic signaling pathway via death domain receptors,BP,10.312286129815615,2.635860160491309,Inf,9.260606060606062,0.00406110763140319,0.03829526797834133,3,120,33,12224,2.5,0.9485710462426642,ASD-DA-specific vs siblings
Wamsley,NFIL3_(+),GO:0001931,uropod,CC,25.58097444362615,3.868997662844697,Inf,20.373333333333335,0.004084828584356409,0.03829526797834133,2,120,10,12224,1.6666666666666667,0.9485710462426642,ASD-DA-specific vs siblings
Wamsley,NFIL3_(+),GO:0003181,atrioventricular valve morphogenesis,BP,25.58097444362615,3.868997662844697,Inf,20.373333333333335,0.004084828584356409,0.03829526797834133,2,120,10,12224,1.6666666666666667,0.9485710462426642,ASD-DA-specific vs siblings
Wamsley,NFIL3_(+),GO:0005159,insulin-like growth factor receptor binding,MF,25.58097444362615,3.868997662844697,Inf,20.373333333333335,0.004084828584356409,0.03829526797834133,2,120,10,12224,1.6666666666666667,0.9485710462426642,ASD-DA-specific vs siblings
Wamsley,NFIL3_(+),GO:0048566,embryonic digestive tract development,BP,25.58097444362615,3.868997662844697,Inf,20.373333333333335,0.004084828584356409,0.03829526797834133,2,120,10,12224,1.6666666666666667,0.9485710462426642,ASD-DA-specific vs siblings
Wamsley,NFIL3_(+),GO:0070371,ERK1 and ERK2 cascade,BP,9.97709640108192,2.55472101550967,Inf,8.988235294117647,0.004422549122640549,0.03948704573786205,3,120,34,12224,2.5,0.9485710462426642,ASD-DA-specific vs siblings
Wamsley,NFIL3_(+),GO:0097193,intrinsic apoptotic signaling pathway,BP,9.97709640108192,2.55472101550967,Inf,8.988235294117647,0.004422549122640549,0.03948704573786205,3,120,34,12224,2.5,0.9485710462426642,ASD-DA-specific vs siblings
Wamsley,NFIL3_(+),GO:0001772,immunological synapse,CC,9.668131697958286,2.4784311966964094,Inf,8.731428571428571,0.004802894759961347,0.0417859405472824,3,120,35,12224,2.5,0.9485710462426642,ASD-DA-specific vs siblings
Wamsley,NFIL3_(+),GO:0016180,snRNA processing,BP,22.75363302374445,3.493178238515957,Inf,18.521212121212123,0.004960627288820009,0.0417859405472824,2,120,11,12224,1.6666666666666667,0.9485710462426642,ASD-DA-specific vs siblings
Wamsley,NFIL3_(+),GO:0042803,protein homodimerization activity,MF,2.535922506883035,1.4154867967977005,Inf,2.3507692307692305,0.0050143128656738875,0.0417859405472824,12,120,520,12224,10,0.9485710462426642,ASD-DA-specific vs siblings
Wamsley,NFIL3_(+),GO:0030855,epithelial cell differentiation,BP,9.097131882468311,2.33875762641679,Inf,8.25945945945946,0.005621384840111878,0.043490425427759515,3,120,37,12224,2.5,0.9485710462426642,ASD-DA-specific vs siblings
Wamsley,NFIL3_(+),GO:0045599,negative regulation of fat cell differentiation,BP,9.097131882468311,2.33875762641679,Inf,8.25945945945946,0.005621384840111878,0.043490425427759515,3,120,37,12224,2.5,0.9485710462426642,ASD-DA-specific vs siblings
Wamsley,NFIL3_(+),GO:0000288,"nuclear-transcribed mRNA catabolic process, deadenylation-dependent decay",BP,20.467209952558612,3.183978808451467,Inf,16.977777777777778,0.005914697858175295,0.043490425427759515,2,120,12,12224,1.6666666666666667,0.9485710462426642,ASD-DA-specific vs siblings
Wamsley,NFIL3_(+),GO:0035259,nuclear glucocorticoid receptor binding,MF,20.467209952558612,3.183978808451467,Inf,16.977777777777778,0.005914697858175295,0.043490425427759515,2,120,12,12224,1.6666666666666667,0.9485710462426642,ASD-DA-specific vs siblings
Wamsley,NFIL3_(+),GO:0045672,positive regulation of osteoclast differentiation,BP,20.467209952558612,3.183978808451467,Inf,16.977777777777778,0.005914697858175295,0.043490425427759515,2,120,12,12224,1.6666666666666667,0.9485710462426642,ASD-DA-specific vs siblings
Wamsley,NFIL3_(+),GO:1900153,"positive regulation of nuclear-transcribed mRNA catabolic process, deadenylation-dependent decay",BP,20.467209952558612,3.183978808451467,Inf,16.977777777777778,0.005914697858175295,0.043490425427759515,2,120,12,12224,1.6666666666666667,0.9485710462426642,ASD-DA-specific vs siblings
Wamsley,NFIL3_(+),GO:0008083,growth factor activity,MF,5.841876668776568,1.9166075156311906,Inf,5.432888888888889,0.006280986620601307,0.04529557659087481,4,120,75,12224,3.3333333333333335,0.9485710462426642,ASD-DA-specific vs siblings
Wamsley,NFIL3_(+),GO:0048545,response to steroid hormone,BP,18.610157337991296,2.924922845156989,Inf,15.671794871794871,0.006945445212412501,0.04770915111008301,2,120,13,12224,1.6666666666666667,0.9485710462426642,ASD-DA-specific vs siblings
Wamsley,NFIL3_(+),GO:0072520,seminiferous tubule development,BP,18.610157337991296,2.924922845156989,Inf,15.671794871794871,0.006945445212412501,0.04770915111008301,2,120,13,12224,1.6666666666666667,0.9485710462426642,ASD-DA-specific vs siblings
Wamsley,NFIL3_(+),GO:0035019,somatic stem cell population maintenance,BP,8.358325034055905,2.156401527587,Inf,7.640000000000001,0.0069973421628121745,0.04770915111008301,3,120,40,12224,2.5,0.9485710462426642,ASD-DA-specific vs siblings
Wamsley,NFIL3_(+),GO:0019904,protein domain specific binding,MF,3.7387137202366874,1.577321541880772,Inf,3.51264367816092,0.007329855057822041,0.048468259604439685,6,120,174,12224,5,0.9485710462426642,ASD-DA-specific vs siblings
Wamsley,NFIL3_(+),GO:0006006,glucose metabolic process,BP,8.137360404567051,2.101772978224869,Inf,7.453658536585366,0.007496424152153338,0.048468259604439685,3,120,41,12224,2.5,0.9485710462426642,ASD-DA-specific vs siblings
Wamsley,NFIL3_(+),GO:0030282,bone mineralization,BP,8.137360404567051,2.101772978224869,Inf,7.453658536585366,0.007496424152153338,0.048468259604439685,3,120,41,12224,2.5,0.9485710462426642,ASD-DA-specific vs siblings
Wamsley,NFIL3_(+),GO:0032039,integrator complex,CC,17.060101625172233,2.7047951698992043,Inf,14.552380952380954,0.00805129759149883,0.050320609946867684,2,120,14,12224,1.6666666666666667,0.9485710462426642,ASD-DA-specific vs siblings
Wamsley,NFIL3_(+),GO:0098641,cadherin binding involved in cell-cell adhesion,MF,17.060101625172233,2.7047951698992043,Inf,14.552380952380954,0.00805129759149883,0.050320609946867684,2,120,14,12224,1.6666666666666667,0.9485710462426642,ASD-DA-specific vs siblings
Wamsley,NFIL3_(+),GO:0005667,transcription regulator complex,CC,4.199592424228214,1.6006747890120165,Inf,3.9483204134366923,0.008785705075726501,0.050450109648641425,5,120,129,12224,4.166666666666666,0.9485710462426642,ASD-DA-specific vs siblings
Wamsley,NFIL3_(+),GO:0007623,circadian rhythm,BP,7.540829863072027,1.9531311740201736,Inf,6.945454545454546,0.009117735163649056,0.050450109648641425,3,120,44,12224,2.5,0.9485710462426642,ASD-DA-specific vs siblings
Wamsley,NFIL3_(+),GO:0002028,regulation of sodium ion transport,BP,15.748974199193325,2.5155031848441434,Inf,13.582222222222223,0.00923070625747732,0.050450109648641425,2,120,15,12224,1.6666666666666667,0.9485710462426642,ASD-DA-specific vs siblings
Wamsley,NFIL3_(+),GO:0008138,protein tyrosine/serine/threonine phosphatase activity,MF,15.748974199193325,2.5155031848441434,Inf,13.582222222222223,0.00923070625747732,0.050450109648641425,2,120,15,12224,1.6666666666666667,0.9485710462426642,ASD-DA-specific vs siblings
Wamsley,NFIL3_(+),GO:0034243,regulation of transcription elongation by RNA polymerase II,BP,15.748974199193325,2.5155031848441434,Inf,13.582222222222223,0.00923070625747732,0.050450109648641425,2,120,15,12224,1.6666666666666667,0.9485710462426642,ASD-DA-specific vs siblings
Wamsley,NFIL3_(+),GO:0042059,negative regulation of epidermal growth factor receptor signaling pathway,BP,15.748974199193325,2.5155031848441434,Inf,13.582222222222223,0.00923070625747732,0.050450109648641425,2,120,15,12224,1.6666666666666667,0.9485710462426642,ASD-DA-specific vs siblings
Wamsley,NFIL3_(+),GO:0044319,"wound healing, spreading of cells",BP,15.748974199193325,2.5155031848441434,Inf,13.582222222222223,0.00923070625747732,0.050450109648641425,2,120,15,12224,1.6666666666666667,0.9485710462426642,ASD-DA-specific vs siblings
Wamsley,NFIL3_(+),GO:0071385,cellular response to glucocorticoid stimulus,BP,15.748974199193325,2.5155031848441434,Inf,13.582222222222223,0.00923070625747732,0.050450109648641425,2,120,15,12224,1.6666666666666667,0.9485710462426642,ASD-DA-specific vs siblings
Wamsley,NFIL3_(+),GO:0010629,negative regulation of gene expression,BP,3.545597041845187,1.4969124933480789,Inf,3.339890710382514,0.009282820175350022,0.050450109648641425,6,120,183,12224,5,0.9485710462426642,ASD-DA-specific vs siblings
Wamsley,NFIL3_(+),GO:0001726,ruffle,CC,5.117213314931462,1.6837529596302414,Inf,4.793725490196078,0.009710744289680268,0.052021844409001435,4,120,85,12224,3.3333333333333335,0.9485710462426642,ASD-DA-specific vs siblings
Wamsley,NFIL3_(+),GO:0030308,negative regulation of cell growth,BP,5.053225330799966,1.66340024677248,Inf,4.737984496124032,0.01010883028154685,0.053391709233522086,4,120,86,12224,3.3333333333333335,0.9485710462426642,ASD-DA-specific vs siblings
Wamsley,NFIL3_(+),GO:0048754,branching morphogenesis of an epithelial tube,BP,14.626229815595407,2.3510930457180126,Inf,12.733333333333333,0.010482145200091022,0.05384663630183744,2,120,16,12224,1.6666666666666667,0.9485710462426642,ASD-DA-specific vs siblings
Wamsley,NFIL3_(+),GO:0061158,3'-UTR-mediated mRNA destabilization,BP,14.626229815595407,2.3510930457180126,Inf,12.733333333333333,0.010482145200091022,0.05384663630183744,2,120,16,12224,1.6666666666666667,0.9485710462426642,ASD-DA-specific vs siblings
Wamsley,NFIL3_(+),GO:0048167,regulation of synaptic plasticity,BP,7.023388310162874,1.8241507042810305,Inf,6.502127659574469,0.010928698439624868,0.05538191776836927,3,120,47,12224,2.5,0.9485710462426642,ASD-DA-specific vs siblings
Wamsley,NFIL3_(+),GO:0003707,nuclear steroid receptor activity,MF,13.642233919414643,2.2065227015298277,Inf,11.984313725490196,0.011804110845892637,0.05603217173683214,2,120,17,12224,1.6666666666666667,0.9485710462426642,ASD-DA-specific vs siblings
Wamsley,NFIL3_(+),GO:0005044,scavenger receptor activity,MF,13.642233919414643,2.2065227015298277,Inf,11.984313725490196,0.011804110845892637,0.05603217173683214,2,120,17,12224,1.6666666666666667,0.9485710462426642,ASD-DA-specific vs siblings
Wamsley,NFIL3_(+),GO:0030220,platelet formation,BP,13.642233919414643,2.2065227015298277,Inf,11.984313725490196,0.011804110845892637,0.05603217173683214,2,120,17,12224,1.6666666666666667,0.9485710462426642,ASD-DA-specific vs siblings
Wamsley,NFIL3_(+),GO:0045089,positive regulation of innate immune response,BP,13.642233919414643,2.2065227015298277,Inf,11.984313725490196,0.011804110845892637,0.05603217173683214,2,120,17,12224,1.6666666666666667,0.9485710462426642,ASD-DA-specific vs siblings
Wamsley,NFIL3_(+),GO:0140677,molecular function activator activity,MF,13.642233919414643,2.2065227015298277,Inf,11.984313725490196,0.011804110845892637,0.05603217173683214,2,120,17,12224,1.6666666666666667,0.9485710462426642,ASD-DA-specific vs siblings
Wamsley,NFIL3_(+),GO:0043539,protein serine/threonine kinase activator activity,MF,6.718268097279049,1.7471416794032848,Inf,6.236734693877551,0.012243296731229994,0.05622921209147996,3,120,49,12224,2.5,0.9485710462426642,ASD-DA-specific vs siblings
Wamsley,NFIL3_(+),GO:0001676,long-chain fatty acid metabolic process,BP,12.794025755206091,2.0789769096172614,Inf,11.318518518518518,0.01319512177080063,0.05622921209147996,2,120,18,12224,1.6666666666666667,0.9485710462426642,ASD-DA-specific vs siblings
Wamsley,NFIL3_(+),GO:0007520,myoblast fusion,BP,12.794025755206091,2.0789769096172614,Inf,11.318518518518518,0.01319512177080063,0.05622921209147996,2,120,18,12224,1.6666666666666667,0.9485710462426642,ASD-DA-specific vs siblings
Wamsley,NFIL3_(+),GO:0008134,transcription factor binding,MF,12.794025755206091,2.0789769096172614,Inf,11.318518518518518,0.01319512177080063,0.05622921209147996,2,120,18,12224,1.6666666666666667,0.9485710462426642,ASD-DA-specific vs siblings
Wamsley,NFIL3_(+),GO:0030863,cortical cytoskeleton,CC,12.794025755206091,2.0789769096172614,Inf,11.318518518518518,0.01319512177080063,0.05622921209147996,2,120,18,12224,1.6666666666666667,0.9485710462426642,ASD-DA-specific vs siblings
Wamsley,NFIL3_(+),GO:0035338,long-chain fatty-acyl-CoA biosynthetic process,BP,12.794025755206091,2.0789769096172614,Inf,11.318518518518518,0.01319512177080063,0.05622921209147996,2,120,18,12224,1.6666666666666667,0.9485710462426642,ASD-DA-specific vs siblings
Wamsley,NFIL3_(+),GO:0045671,negative regulation of osteoclast differentiation,BP,12.794025755206091,2.0789769096172614,Inf,11.318518518518518,0.01319512177080063,0.05622921209147996,2,120,18,12224,1.6666666666666667,0.9485710462426642,ASD-DA-specific vs siblings
Wamsley,NFIL3_(+),GO:0061436,establishment of skin barrier,BP,12.794025755206091,2.0789769096172614,Inf,11.318518518518518,0.01319512177080063,0.05622921209147996,2,120,18,12224,1.6666666666666667,0.9485710462426642,ASD-DA-specific vs siblings
Wamsley,NFIL3_(+),GO:2001243,negative regulation of intrinsic apoptotic signaling pathway,BP,12.794025755206091,2.0789769096172614,Inf,11.318518518518518,0.01319512177080063,0.05622921209147996,2,120,18,12224,1.6666666666666667,0.9485710462426642,ASD-DA-specific vs siblings
Wamsley,NFIL3_(+),GO:0072686,mitotic spindle,CC,4.551280439198931,1.5010236859379218,Inf,4.289122807017543,0.01417320934656681,0.05971857870744443,4,120,95,12224,3.3333333333333335,0.9485710462426642,ASD-DA-specific vs siblings
Wamsley,NFIL3_(+),GO:0046580,negative regulation of Ras protein signal transduction,BP,12.041059123426798,1.9652667596423123,Inf,10.722807017543861,0.014653718416062755,0.06105716006692815,2,120,19,12224,1.6666666666666667,0.9485710462426642,ASD-DA-specific vs siblings
Wamsley,NFIL3_(+),GO:0005778,peroxisomal membrane,CC,6.179001902694776,1.6111493543758444,Inf,5.766037735849056,0.015134072915033329,0.06236568508942305,3,120,53,12224,2.5,0.9485710462426642,ASD-DA-specific vs siblings
Wamsley,NFIL3_(+),GO:0031667,response to nutrient levels,BP,11.372696658393215,1.863325044417613,Inf,10.186666666666667,0.01617846280758893,0.06523573712737472,2,120,20,12224,1.6666666666666667,0.9485710462426642,ASD-DA-specific vs siblings
Wamsley,NFIL3_(+),GO:1902042,negative regulation of extrinsic apoptotic signaling pathway via death domain receptors,BP,11.372696658393215,1.863325044417613,Inf,10.186666666666667,0.01617846280758893,0.06523573712737472,2,120,20,12224,1.6666666666666667,0.9485710462426642,ASD-DA-specific vs siblings
Wamsley,NFIL3_(+),GO:0015629,actin cytoskeleton,CC,3.0696358947318596,1.297933378746648,Inf,2.910476190476191,0.017342385452819867,0.06869048303588378,6,120,210,12224,5,0.9485710462426642,ASD-DA-specific vs siblings
Wamsley,NFIL3_(+),GO:0009986,cell surface,CC,2.409508778247098,1.2197973183070674,Inf,2.2749379652605457,0.01766733178956825,0.06869048303588378,9,120,403,12224,7.5,0.9485710462426642,ASD-DA-specific vs siblings
Wamsley,NFIL3_(+),GO:0004896,cytokine receptor activity,MF,10.771281465694452,1.7713857379896825,Inf,9.7015873015873,0.01776793827861527,0.06869048303588378,2,120,21,12224,1.6666666666666667,0.9485710462426642,ASD-DA-specific vs siblings
Wamsley,NFIL3_(+),GO:0035335,peptidyl-tyrosine dephosphorylation,BP,10.771281465694452,1.7713857379896825,Inf,9.7015873015873,0.01776793827861527,0.06869048303588378,2,120,21,12224,1.6666666666666667,0.9485710462426642,ASD-DA-specific vs siblings
Wamsley,NFIL3_(+),GO:1990837,sequence-specific double-stranded DNA binding,MF,2.7354462593075737,1.2468893493325175,Inf,2.592969696969697,0.01865482063401719,0.07138324222200455,7,120,275,12224,5.833333333333333,0.9485710462426642,ASD-DA-specific vs siblings
Wamsley,NFIL3_(+),GO:0008285,negative regulation of cell population proliferation,BP,2.724925880091639,1.2421891905314177,Inf,2.5835748792270534,0.01898916271500554,0.07192864664774827,7,120,276,12224,5.833333333333333,0.9485710462426642,ASD-DA-specific vs siblings
Wamsley,NFIL3_(+),GO:0016311,dephosphorylation,BP,10.233446233686577,1.6881935143872049,Inf,9.260606060606062,0.01942074919566195,0.07282780948373231,2,120,22,12224,1.6666666666666667,0.9485710462426642,ASD-DA-specific vs siblings
Wamsley,NFIL3_(+),GO:0001228,"DNA-binding transcription activator activity, RNA polymerase II-specific",MF,2.6542860368983723,1.2102317352143632,Inf,2.5196702002355713,0.021448469664951505,0.07840263052493557,7,120,283,12224,5.833333333333333,0.9485710462426642,ASD-DA-specific vs siblings
Wamsley,NFIL3_(+),GO:0005516,calmodulin binding,MF,3.286674890437571,1.2569897373995293,Inf,3.1247443762781186,0.022169730395413888,0.07840263052493557,5,120,163,12224,4.166666666666666,0.9485710462426642,ASD-DA-specific vs siblings
Wamsley,NFIL3_(+),GO:0050661,NADP binding,MF,9.302604225611951,1.5430936720699844,Inf,8.488888888888889,0.022910898378823902,0.07840263052493557,2,120,24,12224,1.6666666666666667,0.9485710462426642,ASD-DA-specific vs siblings
Wamsley,NFIL3_(+),GO:0050840,extracellular matrix binding,MF,9.302604225611951,1.5430936720699844,Inf,8.488888888888889,0.022910898378823902,0.07840263052493557,2,120,24,12224,1.6666666666666667,0.9485710462426642,ASD-DA-specific vs siblings
Wamsley,NFIL3_(+),GO:0051893,regulation of focal adhesion assembly,BP,9.302604225611951,1.5430936720699844,Inf,8.488888888888889,0.022910898378823902,0.07840263052493557,2,120,24,12224,1.6666666666666667,0.9485710462426642,ASD-DA-specific vs siblings
Wamsley,NFIL3_(+),GO:0004725,protein tyrosine phosphatase activity,MF,5.233463339264264,1.3707605620206933,Inf,4.929032258064516,0.022934365700884286,0.07840263052493557,3,120,62,12224,2.5,0.9485710462426642,ASD-DA-specific vs siblings
Wamsley,NFIL3_(+),GO:0005125,cytokine activity,MF,5.233463339264264,1.3707605620206933,Inf,4.929032258064516,0.022934365700884286,0.07840263052493557,3,120,62,12224,2.5,0.9485710462426642,ASD-DA-specific vs siblings
Wamsley,NFIL3_(+),GO:0030307,positive regulation of cell growth,BP,5.233463339264264,1.3707605620206933,Inf,4.929032258064516,0.022934365700884286,0.07840263052493557,3,120,62,12224,2.5,0.9485710462426642,ASD-DA-specific vs siblings
Wamsley,NFIL3_(+),GO:0030336,negative regulation of cell migration,BP,3.9021920580699296,1.2905556968754985,Inf,3.7042424242424237,0.0229981049539811,0.07840263052493557,4,120,110,12224,3.3333333333333335,0.9485710462426642,ASD-DA-specific vs siblings
Wamsley,NFIL3_(+),GO:0044325,transmembrane transporter binding,MF,3.9021920580699296,1.2905556968754985,Inf,3.7042424242424237,0.0229981049539811,0.07840263052493557,4,120,110,12224,3.3333333333333335,0.9485710462426642,ASD-DA-specific vs siblings
Wamsley,NFIL3_(+),GO:0031100,animal organ regeneration,BP,8.897236884754182,1.4795036778189539,Inf,8.149333333333333,0.02474554812339261,0.08267719789596716,2,120,25,12224,1.6666666666666667,0.9485710462426642,ASD-DA-specific vs siblings
Wamsley,NFIL3_(+),GO:0050918,positive chemotaxis,BP,8.897236884754182,1.4795036778189539,Inf,8.149333333333333,0.02474554812339261,0.08267719789596716,2,120,25,12224,1.6666666666666667,0.9485710462426642,ASD-DA-specific vs siblings
Wamsley,NFIL3_(+),GO:0045171,intercellular bridge,CC,5.06140323706968,1.326747138335511,Inf,4.775,0.024913395632651436,0.08267719789596716,3,120,64,12224,2.5,0.9485710462426642,ASD-DA-specific vs siblings
Wamsley,NFIL3_(+),GO:0006402,mRNA catabolic process,BP,8.525950628553932,1.420940621410006,Inf,7.835897435897436,0.02663815574527202,0.08324423670397507,2,120,26,12224,1.6666666666666667,0.9485710462426642,ASD-DA-specific vs siblings
Wamsley,NFIL3_(+),GO:0007566,embryo implantation,BP,8.525950628553932,1.420940621410006,Inf,7.835897435897436,0.02663815574527202,0.08324423670397507,2,120,26,12224,1.6666666666666667,0.9485710462426642,ASD-DA-specific vs siblings
Wamsley,NFIL3_(+),GO:0017080,sodium channel regulator activity,MF,8.525950628553932,1.420940621410006,Inf,7.835897435897436,0.02663815574527202,0.08324423670397507,2,120,26,12224,1.6666666666666667,0.9485710462426642,ASD-DA-specific vs siblings
Wamsley,NFIL3_(+),GO:0030866,cortical actin cytoskeleton organization,BP,8.525950628553932,1.420940621410006,Inf,7.835897435897436,0.02663815574527202,0.08324423670397507,2,120,26,12224,1.6666666666666667,0.9485710462426642,ASD-DA-specific vs siblings
Wamsley,NFIL3_(+),GO:0048286,lung alveolus development,BP,8.525950628553932,1.420940621410006,Inf,7.835897435897436,0.02663815574527202,0.08324423670397507,2,120,26,12224,1.6666666666666667,0.9485710462426642,ASD-DA-specific vs siblings
Wamsley,NFIL3_(+),GO:0050767,regulation of neurogenesis,BP,8.525950628553932,1.420940621410006,Inf,7.835897435897436,0.02663815574527202,0.08324423670397507,2,120,26,12224,1.6666666666666667,0.9485710462426642,ASD-DA-specific vs siblings
Wamsley,NFIL3_(+),GO:0050796,regulation of insulin secretion,BP,8.525950628553932,1.420940621410006,Inf,7.835897435897436,0.02663815574527202,0.08324423670397507,2,120,26,12224,1.6666666666666667,0.9485710462426642,ASD-DA-specific vs siblings
Wamsley,NFIL3_(+),GO:0019838,growth factor binding,MF,8.184725393957066,1.3668313787635353,Inf,7.545679012345678,0.028587426779473984,0.08715678896181094,2,120,27,12224,1.6666666666666667,0.9485710462426642,ASD-DA-specific vs siblings
Wamsley,NFIL3_(+),GO:0032570,response to progesterone,BP,8.184725393957066,1.3668313787635353,Inf,7.545679012345678,0.028587426779473984,0.08715678896181094,2,120,27,12224,1.6666666666666667,0.9485710462426642,ASD-DA-specific vs siblings
Wamsley,NFIL3_(+),GO:0035925,mRNA 3'-UTR AU-rich region binding,MF,8.184725393957066,1.3668313787635353,Inf,7.545679012345678,0.028587426779473984,0.08715678896181094,2,120,27,12224,1.6666666666666667,0.9485710462426642,ASD-DA-specific vs siblings
Wamsley,NFIL3_(+),GO:0001227,"DNA-binding transcription repressor activity, RNA polymerase II-specific",MF,3.0335398318115483,1.1612349685273586,Inf,2.893939393939394,0.029604309344375402,0.08824640254949559,5,120,176,12224,4.166666666666666,0.9485710462426642,ASD-DA-specific vs siblings
Wamsley,NFIL3_(+),GO:0001725,stress fiber,CC,4.675412450861372,1.2280804869912696,Inf,4.428985507246377,0.030251466787099796,0.08824640254949559,3,120,69,12224,2.5,0.9485710462426642,ASD-DA-specific vs siblings
Wamsley,NFIL3_(+),GO:0005200,structural constituent of cytoskeleton,MF,4.675412450861372,1.2280804869912696,Inf,4.428985507246377,0.030251466787099796,0.08824640254949559,3,120,69,12224,2.5,0.9485710462426642,ASD-DA-specific vs siblings
Wamsley,NFIL3_(+),GO:0005925,focal adhesion,CC,2.2969410845676514,1.1105451021864352,Inf,2.1848078641644326,0.03047331959520981,0.08824640254949559,8,120,373,12224,6.666666666666667,0.9485710462426642,ASD-DA-specific vs siblings
Wamsley,NFIL3_(+),GO:0005179,hormone activity,MF,7.869568136618371,1.3166535245876045,Inf,7.276190476190477,0.030592086217158473,0.08824640254949559,2,120,28,12224,1.6666666666666667,0.9485710462426642,ASD-DA-specific vs siblings
Wamsley,NFIL3_(+),GO:0032481,positive regulation of type I interferon production,BP,7.869568136618371,1.3166535245876045,Inf,7.276190476190477,0.030592086217158473,0.08824640254949559,2,120,28,12224,1.6666666666666667,0.9485710462426642,ASD-DA-specific vs siblings
Wamsley,NFIL3_(+),GO:0070059,intrinsic apoptotic signaling pathway in response to endoplasmic reticulum stress,BP,7.869568136618371,1.3166535245876045,Inf,7.276190476190477,0.030592086217158473,0.08824640254949559,2,120,28,12224,1.6666666666666667,0.9485710462426642,ASD-DA-specific vs siblings
Wamsley,NFIL3_(+),GO:0032869,cellular response to insulin stimulus,BP,4.604734619267217,1.2100753925422463,Inf,4.365714285714286,0.03138576688496551,0.08937284193511963,3,120,70,12224,2.5,0.9485710462426642,ASD-DA-specific vs siblings
Wamsley,NFIL3_(+),GO:0005884,actin filament,CC,4.537593318250966,1.1925890152170477,Inf,4.3042253521126765,0.032542188299678455,0.08937284193511963,3,120,71,12224,2.5,0.9485710462426642,ASD-DA-specific vs siblings
Wamsley,NFIL3_(+),GO:0007169,cell surface receptor protein tyrosine kinase signaling pathway,BP,4.537593318250966,1.1925890152170477,Inf,4.3042253521126765,0.032542188299678455,0.08937284193511963,3,120,71,12224,2.5,0.9485710462426642,ASD-DA-specific vs siblings
Wamsley,NFIL3_(+),GO:0008180,COP9 signalosome,CC,7.57793808619495,1.2700450579175782,Inf,7.025287356321839,0.032650878253630375,0.08937284193511963,2,120,29,12224,1.6666666666666667,0.9485710462426642,ASD-DA-specific vs siblings
Wamsley,NFIL3_(+),GO:0031333,negative regulation of protein-containing complex assembly,BP,7.57793808619495,1.2700450579175782,Inf,7.025287356321839,0.032650878253630375,0.08937284193511963,2,120,29,12224,1.6666666666666667,0.9485710462426642,ASD-DA-specific vs siblings
Wamsley,NFIL3_(+),GO:0032092,positive regulation of protein binding,BP,7.57793808619495,1.2700450579175782,Inf,7.025287356321839,0.032650878253630375,0.08937284193511963,2,120,29,12224,1.6666666666666667,0.9485710462426642,ASD-DA-specific vs siblings
Wamsley,NFIL3_(+),GO:0045333,cellular respiration,BP,7.57793808619495,1.2700450579175782,Inf,7.025287356321839,0.032650878253630375,0.08937284193511963,2,120,29,12224,1.6666666666666667,0.9485710462426642,ASD-DA-specific vs siblings
Wamsley,NFIL3_(+),GO:0001541,ovarian follicle development,BP,7.307357987683566,1.2266192778493858,Inf,6.791111111111111,0.03476256603934363,0.0909405172841677,2,120,30,12224,1.6666666666666667,0.9485710462426642,ASD-DA-specific vs siblings
Wamsley,NFIL3_(+),GO:0006814,sodium ion transport,BP,7.307357987683566,1.2266192778493858,Inf,6.791111111111111,0.03476256603934363,0.0909405172841677,2,120,30,12224,1.6666666666666667,0.9485710462426642,ASD-DA-specific vs siblings
Wamsley,NFIL3_(+),GO:0032728,positive regulation of interferon-beta production,BP,7.307357987683566,1.2266192778493858,Inf,6.791111111111111,0.03476256603934363,0.0909405172841677,2,120,30,12224,1.6666666666666667,0.9485710462426642,ASD-DA-specific vs siblings
Wamsley,NFIL3_(+),GO:0055088,lipid homeostasis,BP,7.307357987683566,1.2266192778493858,Inf,6.791111111111111,0.03476256603934363,0.0909405172841677,2,120,30,12224,1.6666666666666667,0.9485710462426642,ASD-DA-specific vs siblings
Wamsley,NFIL3_(+),GO:0071479,cellular response to ionizing radiation,BP,7.307357987683566,1.2266192778493858,Inf,6.791111111111111,0.03476256603934363,0.0909405172841677,2,120,30,12224,1.6666666666666667,0.9485710462426642,ASD-DA-specific vs siblings
Wamsley,NFIL3_(+),GO:0004726,non-membrane spanning protein tyrosine phosphatase activity,MF,4.406965826642652,1.1590023373037137,Inf,4.186301369863013,0.0349211586371204,0.0909405172841677,3,120,73,12224,2.5,0.9485710462426642,ASD-DA-specific vs siblings
Wamsley,NFIL3_(+),GO:0030946,"protein tyrosine phosphatase activity, metal-dependent",MF,4.406965826642652,1.1590023373037137,Inf,4.186301369863013,0.0349211586371204,0.0909405172841677,3,120,73,12224,2.5,0.9485710462426642,ASD-DA-specific vs siblings
Wamsley,NFIL3_(+),GO:0140793,histone H2AXY142 phosphatase activity,MF,4.344507626659477,1.14294523669891,Inf,4.12972972972973,0.036143575556719314,0.09347476437082582,3,120,74,12224,2.5,0.9485710462426642,ASD-DA-specific vs siblings
Wamsley,NFIL3_(+),GO:0000307,cyclin-dependent protein kinase holoenzyme complex,CC,7.052599825724745,1.1860608729840771,Inf,6.5720430107526875,0.036925931433879663,0.09419880467826444,2,120,31,12224,1.6666666666666667,0.9485710462426642,ASD-DA-specific vs siblings
Wamsley,NFIL3_(+),GO:0030501,positive regulation of bone mineralization,BP,7.052599825724745,1.1860608729840771,Inf,6.5720430107526875,0.036925931433879663,0.09419880467826444,2,120,31,12224,1.6666666666666667,0.9485710462426642,ASD-DA-specific vs siblings
Wamsley,NFIL3_(+),GO:0006635,fatty acid beta-oxidation,BP,6.817998942133898,1.1480943387530658,Inf,6.366666666666666,0.03913977476286543,0.09784943690716358,2,120,32,12224,1.6666666666666667,0.9485710462426642,ASD-DA-specific vs siblings
Wamsley,NFIL3_(+),GO:0050660,flavin adenine dinucleotide binding,MF,6.817998942133898,1.1480943387530658,Inf,6.366666666666666,0.03913977476286543,0.09784943690716358,2,120,32,12224,1.6666666666666667,0.9485710462426642,ASD-DA-specific vs siblings
Wamsley,NFIL3_(+),GO:0051219,phosphoprotein binding,MF,6.817998942133898,1.1480943387530658,Inf,6.366666666666666,0.03913977476286543,0.09784943690716358,2,120,32,12224,1.6666666666666667,0.9485710462426642,ASD-DA-specific vs siblings
Wamsley,NFIL3_(+),GO:0034976,response to endoplasmic reticulum stress,BP,4.1669190133852085,1.0973220973382174,Inf,3.9688311688311693,0.0399416506889965,0.09919284111505754,3,120,77,12224,2.5,0.9485710462426642,ASD-DA-specific vs siblings
Wamsley,NFIL3_(+),GO:0004860,protein kinase inhibitor activity,MF,6.597975695309476,1.1124780642267091,Inf,6.173737373737374,0.041402914577798496,0.10147773180832965,2,120,33,12224,1.6666666666666667,0.9485710462426642,ASD-DA-specific vs siblings
Wamsley,NFIL3_(+),GO:0046627,negative regulation of insulin receptor signaling pathway,BP,6.597975695309476,1.1124780642267091,Inf,6.173737373737374,0.041402914577798496,0.10147773180832965,2,120,33,12224,1.6666666666666667,0.9485710462426642,ASD-DA-specific vs siblings
Wamsley,NFIL3_(+),GO:0051897,positive regulation of phosphatidylinositol 3-kinase/protein kinase B signal transduction,BP,3.200426385309194,1.0616085307475212,Inf,3.063659147869674,0.04189319933154198,0.10201266070992365,4,120,133,12224,3.3333333333333335,0.9485710462426642,ASD-DA-specific vs siblings
Wamsley,NFIL3_(+),GO:0030216,keratinocyte differentiation,BP,6.391326698685031,1.0789995216988817,Inf,5.992156862745098,0.0437141874187459,0.10375202710145388,2,120,34,12224,1.6666666666666667,0.9485710462426642,ASD-DA-specific vs siblings
Wamsley,NFIL3_(+),GO:0043409,negative regulation of MAPK cascade,BP,6.391326698685031,1.0789995216988817,Inf,5.992156862745098,0.0437141874187459,0.10375202710145388,2,120,34,12224,1.6666666666666667,0.9485710462426642,ASD-DA-specific vs siblings
Wamsley,NFIL3_(+),GO:1990782,protein tyrosine kinase binding,MF,6.391326698685031,1.0789995216988817,Inf,5.992156862745098,0.0437141874187459,0.10375202710145388,2,120,34,12224,1.6666666666666667,0.9485710462426642,ASD-DA-specific vs siblings
Wamsley,NFIL3_(+),GO:2000134,negative regulation of G1/S transition of mitotic cell cycle,BP,6.391326698685031,1.0789995216988817,Inf,5.992156862745098,0.0437141874187459,0.10375202710145388,2,120,34,12224,1.6666666666666667,0.9485710462426642,ASD-DA-specific vs siblings
Wamsley,NFIL3_(+),GO:0048471,perinuclear region of cytoplasm,CC,1.9354236916388863,1.0191202853296797,Inf,1.8420735382760698,0.04526905979897961,0.10676665046929154,10,120,553,12224,8.333333333333332,0.9485710462426642,ASD-DA-specific vs siblings
Wamsley,NFIL3_(+),GO:0007584,response to nutrient,BP,6.197220306845895,1.0474712703698936,Inf,5.820952380952381,0.04607244757988434,0.10730242857005585,2,120,35,12224,1.6666666666666667,0.9485710462426642,ASD-DA-specific vs siblings
Wamsley,NFIL3_(+),GO:0043488,regulation of mRNA stability,BP,6.197220306845895,1.0474712703698936,Inf,5.820952380952381,0.04607244757988434,0.10730242857005585,2,120,35,12224,1.6666666666666667,0.9485710462426642,ASD-DA-specific vs siblings
Wamsley,NFIL3_(+),GO:0016604,nuclear body,CC,2.4067021808487383,1.0198807009690751,Inf,2.3064150943396227,0.04635464914226413,0.10730242857005585,6,120,265,12224,5,0.9485710462426642,ASD-DA-specific vs siblings
Wamsley,NFIL3_(+),GO:0005782,peroxisomal matrix,CC,6.014536810558685,1.017739665146086,Inf,5.659259259259259,0.04847656687784963,0.11084580840971715,2,120,36,12224,1.6666666666666667,0.9485710462426642,ASD-DA-specific vs siblings
Wamsley,NFIL3_(+),GO:0098655,monoatomic cation transmembrane transport,BP,6.014536810558685,1.017739665146086,Inf,5.659259259259259,0.04847656687784963,0.11084580840971715,2,120,36,12224,1.6666666666666667,0.9485710462426642,ASD-DA-specific vs siblings
Wamsley,NR2C1_(+),GO:0009644,response to high light intensity,BP,Inf,35.13268995021978,Inf,122.24,6.6258872531529e-5,0.009143724409351003,2,100,2,12224,2,0.7878690083387406,ASD-DA-specific vs siblings
Wamsley,NR2C1_(+),GO:0043627,response to estrogen,BP,13.344338974911699,3.3913223102776957,Inf,11.829677419354837,0.0020220258269996304,0.06570557892233972,3,100,31,12224,3,0.7878690083387406,ASD-DA-specific vs siblings
Wamsley,NR2C1_(+),GO:0001673,male germ cell nucleus,CC,12.887729367605,3.279928998396577,Inf,11.459999999999999,0.002218046331114864,0.06570557892233972,3,100,32,12224,3,0.7878690083387406,ASD-DA-specific vs siblings
Wamsley,NR2C1_(+),GO:0090136,epithelial cell-cell adhesion,BP,35.25168283730374,5.217926708873683,Inf,27.164444444444445,0.0022976408706667766,0.06570557892233972,2,100,9,12224,2,0.7878690083387406,ASD-DA-specific vs siblings
Wamsley,NR2C1_(+),GO:0015721,bile acid and bile salt transport,BP,30.855331041647542,4.656077768997548,Inf,24.448,0.002856764300971292,0.06570557892233972,2,100,10,12224,2,0.7878690083387406,ASD-DA-specific vs siblings
Wamsley,NR2C1_(+),GO:0031957,very long-chain fatty acid-CoA ligase activity,MF,30.855331041647542,4.656077768997548,Inf,24.448,0.002856764300971292,0.06570557892233972,2,100,10,12224,2,0.7878690083387406,ASD-DA-specific vs siblings
Wamsley,NR2C1_(+),GO:0001046,core promoter sequence-specific DNA binding,MF,22.428013902368455,3.5194704503330656,Inf,18.806153846153848,0.004873173727331263,0.09607113919595918,2,100,13,12224,2,0.7878690083387406,ASD-DA-specific vs siblings
Wamsley,NR2C1_(+),GO:0043679,axon terminus,CC,8.486296459780503,2.1977667206244607,Inf,7.802553191489361,0.006637366664880542,0.09640243470996354,3,100,47,12224,3,0.7878690083387406,ASD-DA-specific vs siblings
Wamsley,NR2C1_(+),GO:0030220,platelet formation,BP,16.456879288689873,2.6553101212690926,Inf,14.381176470588237,0.008317962955247926,0.09640243470996354,2,100,17,12224,2,0.7878690083387406,ASD-DA-specific vs siblings
Wamsley,NR2C1_(+),GO:0035855,megakaryocyte development,BP,16.456879288689873,2.6553101212690926,Inf,14.381176470588237,0.008317962955247926,0.09640243470996354,2,100,17,12224,2,0.7878690083387406,ASD-DA-specific vs siblings
Wamsley,NR2C1_(+),GO:0007004,telomere maintenance via telomerase,BP,15.429227438736907,2.5016921956607963,Inf,13.582222222222223,0.009308149087567445,0.09640243470996354,2,100,18,12224,2,0.7878690083387406,ASD-DA-specific vs siblings
Wamsley,NR2C1_(+),GO:0019789,SUMO transferase activity,MF,15.429227438736907,2.5016921956607963,Inf,13.582222222222223,0.009308149087567445,0.09640243470996354,2,100,18,12224,2,0.7878690083387406,ASD-DA-specific vs siblings
Wamsley,NR2C1_(+),GO:0016328,lateral plasma membrane,CC,7.31862065450858,1.9041132000934287,Inf,6.79111111111111,0.009744241810237824,0.09640243470996354,3,100,54,12224,3,0.7878690083387406,ASD-DA-specific vs siblings
Wamsley,NR2C1_(+),GO:0007585,respiratory gaseous exchange by respiratory system,BP,14.523321269503422,2.3648964715263214,Inf,12.867368421052632,0.010348163768978909,0.09640243470996354,2,100,19,12224,2,0.7878690083387406,ASD-DA-specific vs siblings
Wamsley,NR2C1_(+),GO:0003333,amino acid transmembrane transport,BP,13.718511616191211,2.242228593702643,Inf,12.224,0.011437142316974394,0.09640243470996354,2,100,20,12224,2,0.7878690083387406,ASD-DA-specific vs siblings
Wamsley,NR2C1_(+),GO:0043025,neuronal cell body,CC,3.017646876964685,1.3707200064796865,Inf,2.8333774834437087,0.011868272972369988,0.09640243470996354,7,100,302,12224,7.000000000000001,0.7878690083387406,ASD-DA-specific vs siblings
Wamsley,NR2C1_(+),GO:0030036,actin cytoskeleton organization,BP,3.837475097594224,1.4630933784639775,Inf,3.6165680473372785,0.012491296017863281,0.09640243470996354,5,100,169,12224,5,0.7878690083387406,ASD-DA-specific vs siblings
Wamsley,NR2C1_(+),GO:0009755,hormone-mediated signaling pathway,BP,12.990560346541066,2.131668085715799,Inf,11.641904761904762,0.01257423061434307,0.09640243470996354,2,100,21,12224,2,0.7878690083387406,ASD-DA-specific vs siblings
Wamsley,NR2C1_(+),GO:0045214,sarcomere organization,BP,12.34056628229319,2.0314221680754274,Inf,11.112727272727273,0.013758584997005573,0.0999307752414089,2,100,22,12224,2,0.7878690083387406,ASD-DA-specific vs siblings
Wamsley,NR2C1_(+),GO:0030522,intracellular receptor signaling pathway,BP,11.219019061656416,1.856864790866621,Inf,10.186666666666667,0.01626576896224198,0.11223380583946967,2,100,24,12224,2,0.7878690083387406,ASD-DA-specific vs siblings
Wamsley,NR2C1_(+),GO:0019233,sensory perception of pain,BP,10.281389156397564,1.7099274123940558,Inf,9.403076923076924,0.018952149769302675,0.12454269848398901,2,100,26,12224,2,0.7878690083387406,ASD-DA-specific vs siblings
Wamsley,NR2C1_(+),GO:0003730,mRNA 3'-UTR binding,MF,5.2492738731625606,1.3771513838899858,Inf,4.955675675675675,0.022657634067766847,0.134922399563037,3,100,74,12224,3,0.7878690083387406,ASD-DA-specific vs siblings
Wamsley,NR2C1_(+),GO:0008306,associative learning,BP,9.138171195539877,1.5283329859861294,Inf,8.430344827586207,0.0233037926260138,0.134922399563037,2,100,29,12224,2,0.7878690083387406,ASD-DA-specific vs siblings
Wamsley,NR2C1_(+),GO:0030334,regulation of cell migration,BP,5.1752906427860665,1.3583286328967346,Inf,4.8896,0.02346476514139774,0.134922399563037,3,100,75,12224,3,0.7878690083387406,ASD-DA-specific vs siblings
Wamsley,NR2C1_(+),GO:0007411,axon guidance,BP,3.540114903577707,1.1720158971752572,Inf,3.372137931034483,0.031041470186535546,0.16913121189185298,4,100,145,12224,4,0.7878690083387406,ASD-DA-specific vs siblings
Wamsley,NR2C1_(+),GO:0035725,sodium ion transmembrane transport,BP,4.54113954268256,1.194841780115821,Inf,4.3143529411764705,0.0323862226545726,0.16913121189185298,3,100,85,12224,3,0.7878690083387406,ASD-DA-specific vs siblings
Wamsley,NR2C1_(+),GO:0015297,antiporter activity,MF,7.474203512174879,1.2604597580818198,Inf,6.985142857142858,0.03309088928318863,0.16913121189185298,2,100,35,12224,2,0.7878690083387406,ASD-DA-specific vs siblings
Wamsley,NR2C1_(+),GO:0030155,regulation of cell adhesion,BP,7.047186004728911,1.1908499999941553,Inf,6.607567567567568,0.036652863550066216,0.1806462560681835,2,100,37,12224,2,0.7878690083387406,ASD-DA-specific vs siblings
Wamsley,NR2C1_(+),GO:0009055,electron transfer activity,MF,6.663886216383386,1.1285110978155444,Inf,6.268717948717949,0.04035525333822597,0.19203534347155807,2,100,39,12224,2,0.7878690083387406,ASD-DA-specific vs siblings
Wamsley,NR2C1_(+),GO:0004879,nuclear receptor activity,MF,6.488044190149945,1.099720135018662,Inf,6.112,0.04225740416195972,0.19345850336176731,2,100,40,12224,2,0.7878690083387406,ASD-DA-specific vs siblings
Wamsley,NR2C1_(+),GO:0006406,mRNA export from nucleus,BP,6.162742547323713,1.0463174620974562,Inf,5.820952380952381,0.04616029276102503,0.19345850336176731,2,100,42,12224,2,0.7878690083387406,ASD-DA-specific vs siblings
Wamsley,NR2C1_(+),GO:0042789,mRNA transcription by RNA polymerase II,BP,6.162742547323713,1.0463174620974562,Inf,5.820952380952381,0.04616029276102503,0.19345850336176731,2,100,42,12224,2,0.7878690083387406,ASD-DA-specific vs siblings
Wamsley,NR2C1_(+),GO:0007156,homophilic cell adhesion via plasma membrane adhesion molecules,BP,3.915230272950793,1.0328737001381838,Inf,3.7420408163265306,0.04626181602129219,0.19345850336176731,3,100,98,12224,3,0.7878690083387406,ASD-DA-specific vs siblings
Wang,RFX2_+_+,GO:0097729,9+2 motile cilium,CC,121.5235129461708,56.97886720912294,Inf,73.99019607843138,6.10488463113906e-17,1.1782427338098386e-14,10,102,30,22641,9.803921568627452,0.4486489542386174,both
Wang,RFX2_+_+,GO:0005930,axoneme,CC,34.97577904734388,19.805362201725615,Inf,26.7895537525355,1.5624324197643571e-16,1.5077472850726045e-14,14,102,116,22641,13.725490196078432,0.4486489542386174,both
Wang,RFX2_+_+,GO:0003341,cilium movement,BP,84.14283013821894,40.71424452497488,Inf,56.91553544494721,1.2494337282482566e-15,8.03802365173045e-14,10,102,39,22641,9.803921568627452,0.4486489542386174,both
Wang,RFX2_+_+,GO:0003351,epithelial cilium movement involved in extracellular fluid movement,BP,147.38515430469778,60.538290306152916,Inf,84.56022408963585,2.4864745150359557e-14,1.1997239535048486e-12,8,102,21,22641,7.8431372549019605,0.4486489542386174,both
Wang,RFX2_+_+,GO:0060294,cilium movement involved in cell motility,BP,97.0838028323917,39.45712844705028,Inf,64.74142156862746,9.931291547011845e-12,3.833478537146572e-10,7,102,24,22641,6.862745098039216,0.4486489542386174,both
Wang,RFX2_+_+,GO:0005929,cilium,CC,14.039600147036149,7.732851360727947,Inf,11.891281512605042,4.0424886350057134e-10,1.198079443563344e-8,12,102,224,22641,11.76470588235294,0.4486489542386174,both
Wang,RFX2_+_+,GO:0030317,flagellated sperm motility,BP,19.961521435710452,10.292691401062532,Inf,16.81595365418895,4.345365857483631e-10,1.198079443563344e-8,10,102,132,22641,9.803921568627452,0.4486489542386174,both
Wang,RFX2_+_+,GO:0036158,outer dynein arm assembly,BP,87.60355107989962,33.09702829777936,Inf,60.537433155080215,5.069713819026589e-10,1.2230684588401647e-8,6,102,22,22641,5.88235294117647,0.4486489542386174,both
Wang,RFX2_+_+,GO:0031514,motile cilium,CC,21.480640273343223,10.63663627936337,Inf,18.161229946524063,1.7005925907834742e-9,3.6468263335690056e-8,9,102,110,22641,8.823529411764707,0.4486489542386174,both
Wang,RFX2_+_+,GO:0090660,cerebrospinal fluid circulation,BP,115.56895444249352,37.58503070089413,Inf,73.99019607843138,4.86990003238903e-9,8.577313767676912e-8,5,102,15,22641,4.901960784313726,0.4486489542386174,both
Wang,RFX2_+_+,GO:0060271,cilium assembly,BP,12.847000595551581,6.893168879786858,Inf,11.048309821666223,4.88862442717337e-9,8.577313767676912e-8,11,102,221,22641,10.784313725490197,0.4486489542386174,both
Wang,RFX2_+_+,GO:0036126,sperm flagellum,CC,17.624046555082554,8.762127505270298,Inf,15.134358288770054,8.56438792784066e-9,1.3774390583943728e-7,9,102,132,22641,8.823529411764707,0.4486489542386174,both
Wang,RFX2_+_+,GO:0120293,dynein axonemal particle,CC,77.29695149207188,26.427971555113306,Inf,55.49264705882353,2.4697120809484537e-8,3.6665725509465506e-7,5,102,20,22641,4.901960784313726,0.4486489542386174,both
Wang,RFX2_+_+,GO:0005858,axonemal dynein complex,CC,102.04910953951169,28.645088778237312,Inf,68.29864253393664,2.690548349157964e-7,3.7091130813391936e-6,4,102,13,22641,3.9215686274509802,0.4486489542386174,both
Wang,RFX2_+_+,GO:0051649,establishment of localization in cell,BP,17.965108214421264,8.031104312593873,Inf,15.694890077243018,3.2426342443095596e-7,4.172189394344967e-6,7,102,99,22641,6.862745098039216,0.4486489542386174,both
Wang,RFX2_+_+,GO:0007368,determination of left/right symmetry,BP,25.08672455546342,10.29004246227991,Inf,21.48102466793169,3.611467705033088e-7,4.3563329191961624e-6,6,102,62,22641,5.88235294117647,0.4486489542386174,both
Wang,RFX2_+_+,GO:0036159,inner dynein arm assembly,BP,83.30932384427857,24.160286777410345,Inf,59.1921568627451,5.101020511641512e-7,5.791158580863599e-6,4,102,15,22641,3.9215686274509802,0.4486489542386174,both
Wang,RFX2_+_+,GO:0097728,9+0 motile cilium,CC,338.2046889816239,52.2753018971225,Inf,133.18235294117648,8.819398962216004e-7,8.925362626391839e-6,3,102,5,22641,2.941176470588235,0.4486489542386174,both
Wang,RFX2_+_+,GO:0008569,minus-end-directed microtubule motor activity,MF,70.5674020842002,20.866092008072968,Inf,52.22837370242215,8.832663703134312e-7,8.925362626391839e-6,4,102,17,22641,3.9215686274509802,0.4486489542386174,both
Wang,RFX2_+_+,GO:0005874,microtubule,CC,8.454885873928204,4.411938989971989,Inf,7.499006359300477,9.249080441856828e-7,8.925362626391839e-6,10,102,296,22641,9.803921568627452,0.4486489542386174,both
Wang,RFX2_+_+,GO:0120316,sperm flagellum assembly,BP,65.53808805851826,19.539848097883038,Inf,49.326797385620914,1.1317006692515735e-6,1.0400868055502555e-5,4,102,18,22641,3.9215686274509802,0.4486489542386174,both
Wang,RFX2_+_+,GO:0002177,manchette,CC,50.96143450691617,15.580577603361384,Inf,40.35828877005348,2.6681347988972846e-6,2.3406818917598906e-5,4,102,22,22641,3.9215686274509802,0.4486489542386174,both
Wang,RFX2_+_+,GO:0007286,spermatid development,BP,15.756457352495293,6.553190660204697,Inf,14.019195046439627,4.5291466093108615e-6,3.8005447634652015e-5,6,102,95,22641,5.88235294117647,0.4486489542386174,both
Wang,RFX2_+_+,GO:0044458,motile cilium assembly,BP,41.688241943749574,12.95503614427445,Inf,34.14932126696832,5.377997340750779e-6,4.324806194853751e-5,4,102,26,22641,3.9215686274509802,0.4486489542386174,both
Wang,RFX2_+_+,GO:0051959,dynein light intermediate chain binding,MF,38.21829364216718,11.94869992425644,Inf,31.710084033613445,7.3147128284533456e-6,5.646958303565983e-5,4,102,28,22641,3.9215686274509802,0.4486489542386174,both
Wang,RFX2_+_+,GO:0120197,mucociliary clearance,BP,97.0816240300423,21.406124200818873,Inf,66.59117647058824,1.0410980297459885e-5,7.7281507592683e-5,3,102,10,22641,2.941176470588235,0.4486489542386174,both
Wang,RFX2_+_+,GO:0007288,sperm axoneme assembly,BP,31.64734764049083,10.004136252957348,Inf,26.905525846702318,1.4368018629442949e-5,1.027047257586107e-4,4,102,33,22641,3.9215686274509802,0.4486489542386174,both
Wang,RFX2_+_+,GO:0045505,dynein intermediate chain binding,MF,28.68541498529281,9.115735584236505,Inf,24.663398692810457,2.0469544221309616e-5,1.4109364409688413e-4,4,102,36,22641,3.9215686274509802,0.4486489542386174,both
Wang,RFX2_+_+,GO:0007507,heart development,BP,8.804437957481381,3.9842536601932226,Inf,8.009248029108551,2.8275137929593358e-5,1.8817591794522475e-4,7,102,194,22641,6.862745098039216,0.4486489542386174,both
Wang,RFX2_+_+,GO:0045504,dynein heavy chain binding,MF,56.74515495758912,13.500396531959902,Inf,44.39411764705883,3.883289632960301e-5,2.498249663871127e-4,3,102,15,22641,2.941176470588235,0.4486489542386174,both
Wang,RFX2_+_+,GO:0021591,ventricular system development,BP,40.08226881608688,9.85617402268625,Inf,33.29558823529412,9.571453640317406e-5,5.959001782520192e-4,3,102,20,22641,2.941176470588235,0.4486489542386174,both
Wang,RFX2_+_+,GO:0030199,collagen fibril organization,BP,15.542987362535323,5.060036408329177,Inf,14.093370681605975,1.8857326482755478e-4,0.0011373325034911897,4,102,63,22641,3.9215686274509802,0.4486489542386174,both
Wang,RFX2_+_+,GO:0042060,wound healing,BP,14.107889630005381,4.605356060090556,Inf,12.867860187553282,2.6808073117527904e-4,0.0015540887354965095,4,102,69,22641,3.9215686274509802,0.4486489542386174,both
Wang,RFX2_+_+,GO:0001520,outer dense fiber,CC,112.21423006845002,14.91922971598088,Inf,73.99019607843138,2.9793410991383863e-4,0.0015540887354965095,2,102,6,22641,1.9607843137254901,0.4486489542386174,both
Wang,RFX2_+_+,GO:0036156,inner dynein arm,CC,112.21423006845002,14.91922971598088,Inf,73.99019607843138,2.9793410991383863e-4,0.0015540887354965095,2,102,6,22641,1.9607843137254901,0.4486489542386174,both
Wang,RFX2_+_+,GO:0061966,establishment of left/right asymmetry,BP,112.21423006845002,14.91922971598088,Inf,73.99019607843138,2.9793410991383863e-4,0.0015540887354965095,2,102,6,22641,1.9607843137254901,0.4486489542386174,both
Wang,RFX2_+_+,GO:1904158,axonemal central apparatus assembly,BP,112.21423006845002,14.91922971598088,Inf,73.99019607843138,2.9793410991383863e-4,0.0015540887354965095,2,102,6,22641,1.9607843137254901,0.4486489542386174,both
Wang,RFX2_+_+,GO:0035082,axoneme assembly,BP,25.256845976987353,6.403888624587321,Inf,22.197058823529414,3.299047049873943e-4,0.0016755686332254498,3,102,30,22641,2.941176470588235,0.4486489542386174,both
Wang,RFX2_+_+,GO:0097730,non-motile cilium,CC,23.51661740692654,5.983429740107602,Inf,20.809742647058822,4.0041033014328453e-4,0.0019815177876321517,3,102,32,22641,2.941176470588235,0.4486489542386174,both
Wang,RFX2_+_+,GO:0003356,regulation of cilium beat frequency,BP,89.74844052720952,12.539925925492334,Inf,63.42016806722689,4.15881120471818e-4,0.002006626406276522,2,102,7,22641,1.9607843137254901,0.4486489542386174,both
Wang,RFX2_+_+,GO:0036157,outer dynein arm,CC,64.25068675216068,9.510691383206364,Inf,49.326797385620914,7.087541151112857e-4,0.0032568939099161458,2,102,9,22641,1.9607843137254901,0.4486489542386174,both
Wang,RFX2_+_+,GO:0045503,dynein light chain binding,MF,64.25068675216068,9.510691383206364,Inf,49.326797385620914,7.087541151112857e-4,0.0032568939099161458,2,102,9,22641,1.9607843137254901,0.4486489542386174,both
Wang,RFX2_+_+,GO:0005879,axonemal microtubule,CC,17.4662238088126,4.506630971557956,Inf,15.855042016806722,8.969895682723451e-4,0.004026022945966572,3,102,42,22641,2.941176470588235,0.4486489542386174,both
Wang,RFX2_+_+,GO:0000902,cell morphogenesis,BP,9.639349371224258,3.1731644655533415,Inf,8.968508615567439,0.0010529297581510866,0.004516480863232188,4,102,99,22641,3.9215686274509802,0.4486489542386174,both
Wang,RFX2_+_+,GO:0005114,type II transforming growth factor beta receptor binding,MF,49.96897692193795,7.66489237530716,Inf,40.35828877005348,0.0010764669414957545,0.004516480863232188,2,102,11,22641,1.9607843137254901,0.4486489542386174,both
Wang,RFX2_+_+,GO:0060287,epithelial cilium movement involved in determination of left/right asymmetry,BP,49.96897692193795,7.66489237530716,Inf,40.35828877005348,0.0010764669414957545,0.004516480863232188,2,102,11,22641,1.9607843137254901,0.4486489542386174,both
Wang,RFX2_+_+,GO:0097546,ciliary base,CC,15.844081740619943,4.101291890322965,Inf,14.476342710997443,0.001170721755646292,0.004807431890207115,3,102,46,22641,2.941176470588235,0.4486489542386174,both
Wang,RFX2_+_+,GO:0005160,transforming growth factor beta receptor binding,MF,45.00681104396061,6.984408112655969,Inf,36.99509803921569,0.0012879679356965284,0.005178704408113124,2,102,12,22641,1.9607843137254901,0.4486489542386174,both
Wang,RFX2_+_+,GO:0070286,axonemal dynein complex assembly,BP,40.886966701804326,6.416921826084139,Inf,34.14932126696832,0.001517676679425176,0.005858231982581179,2,102,13,22641,1.9607843137254901,0.4486489542386174,both
Wang,RFX2_+_+,GO:0160112,axonemal B tubule inner sheath,CC,40.886966701804326,6.416921826084139,Inf,34.14932126696832,0.001517676679425176,0.005858231982581179,2,102,13,22641,1.9607843137254901,0.4486489542386174,both
Wang,RFX2_+_+,GO:0097225,sperm midpiece,CC,14.19410051202426,3.6867710673000276,Inf,13.057093425605537,0.0015801329584837953,0.005979718842889657,3,102,51,22641,2.941176470588235,0.4486489542386174,both
Wang,RFX2_+_+,GO:0015630,microtubule cytoskeleton,CC,6.193281490374252,2.3659000323250896,Inf,5.810748383122882,0.0017436887962170072,0.006309770693737487,5,102,191,22641,4.901960784313726,0.4486489542386174,both
Wang,RFX2_+_+,GO:0060317,cardiac epithelial to mesenchymal transition,BP,37.49186097676341,5.934227769558821,Inf,31.710084033613445,0.001765428069750385,0.006309770693737487,2,102,14,22641,1.9607843137254901,0.4486489542386174,both
Wang,RFX2_+_+,GO:0062009,secondary palate development,BP,37.49186097676341,5.934227769558821,Inf,31.710084033613445,0.001765428069750385,0.006309770693737487,2,102,14,22641,1.9607843137254901,0.4486489542386174,both
Wang,RFX2_+_+,GO:0030097,hemopoiesis,BP,12.381914530303703,3.2301168400283182,Inf,11.481237322515213,0.0022885333604071158,0.008030599428729128,3,102,58,22641,2.941176470588235,0.4486489542386174,both
Wang,RFX2_+_+,GO:0007283,spermatogenesis,BP,4.119644350366275,1.8760114392449816,Inf,3.855568530141585,0.0023301221140353944,0.008030599428729128,7,102,403,22641,6.862745098039216,0.4486489542386174,both
Wang,RFX2_+_+,GO:0005923,bicellular tight junction,CC,7.623563257732057,2.519437960042653,Inf,7.160341555977229,0.0024085975497142808,0.008155426791137827,4,102,124,22641,3.9215686274509802,0.4486489542386174,both
Wang,RFX2_+_+,GO:0030286,dynein complex,CC,26.48456377162497,4.312515472511169,Inf,23.36532507739938,0.003269122252101078,0.010878286114750139,2,102,19,22641,1.9607843137254901,0.4486489542386174,both
Wang,RFX2_+_+,GO:0035329,hippo signaling,BP,23.699090708133646,3.887894056560521,Inf,21.140056022408963,0.003991241135606028,0.013056093884270566,2,102,21,22641,1.9607843137254901,0.4486489542386174,both
Wang,RFX2_+_+,GO:0017134,fibroblast growth factor binding,MF,22.502168331861352,3.7048664801425595,Inf,20.17914438502674,0.004377519793769054,0.014081022003290457,2,102,22,22641,1.9607843137254901,0.4486489542386174,both
Wang,RFX2_+_+,GO:0060038,cardiac muscle cell proliferation,BP,21.425229204743477,3.5385274875085364,Inf,19.301790281329925,0.004780403589881914,0.015124883489298515,2,102,23,22641,1.9607843137254901,0.4486489542386174,both
Wang,RFX2_+_+,GO:0005815,microtubule organizing center,CC,9.197598930965398,2.4158777826992606,Inf,8.64820473644003,0.005100984238436326,0.015878870290616305,3,102,77,22641,2.941176470588235,0.4486489542386174,both
Wang,RFX2_+_+,GO:0060045,positive regulation of cardiac muscle cell proliferation,BP,20.44702650291331,3.387057766009586,Inf,18.497549019607845,0.005199738066806963,0.015929356299900697,2,102,24,22641,1.9607843137254901,0.4486489542386174,both
Wang,RFX2_+_+,GO:0050900,leukocyte migration,BP,19.569097940194148,3.247314003264187,Inf,17.757647058823526,0.005635369798240431,0.016994162047818798,2,102,25,22641,1.9607843137254901,0.4486489542386174,both
Wang,RFX2_+_+,GO:0005813,centrosome,CC,3.0084985307724588,1.452687885193835,Inf,2.827650805545148,0.007503738850666228,0.0217134692830176,8,102,628,22641,7.8431372549019605,0.4486489542386174,both
Wang,RFX2_+_+,GO:0006997,nucleus organization,BP,16.673025881075283,2.7880754964488994,Inf,15.308316430020284,0.00753783648685067,0.0217134692830176,2,102,29,22641,1.9607843137254901,0.4486489542386174,both
Wang,RFX2_+_+,GO:0042476,odontogenesis,BP,16.673025881075283,2.7880754964488994,Inf,15.308316430020284,0.00753783648685067,0.0217134692830176,2,102,29,22641,1.9607843137254901,0.4486489542386174,both
Wang,RFX2_+_+,GO:0035987,endodermal cell differentiation,BP,14.99851254965349,2.520584731194742,Inf,13.873161764705882,0.009128440951159734,0.025908663287850422,2,102,32,22641,1.9607843137254901,0.4486489542386174,both
Wang,RFX2_+_+,GO:0097228,sperm principal piece,CC,14.51537239758337,2.4425029683960036,Inf,13.452762923351159,0.009689049105344575,0.027101253294659462,2,102,33,22641,1.9607843137254901,0.4486489542386174,both
Wang,RFX2_+_+,GO:0010634,positive regulation of epithelial cell migration,BP,13.637784389547019,2.2998896622776326,Inf,12.68403361344538,0.01085500744653384,0.0299288062454433,2,102,35,22641,1.9607843137254901,0.4486489542386174,both
Wang,RFX2_+_+,GO:0032570,response to progesterone,BP,13.227237435894487,2.234721721468693,Inf,12.331699346405228,0.011460071714278024,0.030719358900773035,2,102,36,22641,1.9607843137254901,0.4486489542386174,both
Wang,RFX2_+_+,GO:0060412,ventricular septum morphogenesis,BP,13.227237435894487,2.234721721468693,Inf,12.331699346405228,0.011460071714278024,0.030719358900773035,2,102,36,22641,1.9607843137254901,0.4486489542386174,both
Wang,RFX2_+_+,GO:0005246,calcium channel regulator activity,MF,11.83714600106776,2.0070919672003065,Inf,11.098529411764707,0.01402427183090054,0.037024518708066015,2,102,40,22641,1.9607843137254901,0.4486489542386174,both
Wang,RFX2_+_+,GO:0001764,neuron migration,BP,6.234268812206983,1.6487090568641074,Inf,5.945640756302521,0.014195929452833602,0.037024518708066015,3,102,112,22641,2.941176470588235,0.4486489542386174,both
Wang,RFX2_+_+,GO:0060391,positive regulation of SMAD protein signal transduction,BP,11.533276900702203,1.957146598961096,Inf,10.827833572453372,0.014700611917838648,0.03782957466857145,2,102,41,22641,1.9607843137254901,0.4486489542386174,both
Wang,RFX2_+_+,GO:0003007,heart morphogenesis,BP,11.244597475520791,1.909689110606956,Inf,10.570028011204482,0.015390793035316942,0.038576922802807403,2,102,42,22641,1.9607843137254901,0.4486489542386174,both
Wang,RFX2_+_+,GO:0030030,cell projection organization,BP,11.244597475520791,1.909689110606956,Inf,10.570028011204482,0.015390793035316942,0.038576922802807403,2,102,42,22641,1.9607843137254901,0.4486489542386174,both
Wang,RFX2_+_+,GO:0001669,acrosomal vesicle,CC,5.959570413030002,1.5770518350596008,Inf,5.691553544494721,0.015943828188045232,0.039450754362727304,3,102,117,22641,2.941176470588235,0.4486489542386174,both
Wang,RFX2_+_+,GO:0045747,positive regulation of Notch signaling pathway,BP,9.992588272080638,1.7031927795517037,Inf,9.445556946182728,0.019044590887665466,0.04652665875087893,2,102,47,22641,1.9607843137254901,0.4486489542386174,both
Wang,RFX2_+_+,GO:0046332,SMAD binding,MF,9.775581713828705,1.6670932114359986,Inf,9.248774509803923,0.019814997061501263,0.047803680410871796,2,102,48,22641,1.9607843137254901,0.4486489542386174,both
Wang,RFX2_+_+,GO:0001837,epithelial to mesenchymal transition,BP,8.993045287102237,1.5368796040944714,Inf,8.53733031674208,0.02302442228407246,0.0548606605040245,2,102,52,22641,1.9607843137254901,0.4486489542386174,both
Wang,RFX2_+_+,GO:0097191,extrinsic apoptotic signaling pathway,BP,8.816070952706639,1.5074377102856202,Inf,8.376248612652608,0.02385808770891153,0.05615379180268201,2,102,53,22641,1.9607843137254901,0.4486489542386174,both
Wang,RFX2_+_+,GO:0050680,negative regulation of epithelial cell proliferation,BP,8.646097779678454,1.47910053608048,Inf,8.221132897603486,0.024704023440537598,0.05744429547016574,2,102,54,22641,1.9607843137254901,0.4486489542386174,both
Wang,RFX2_+_+,GO:0062023,collagen-containing extracellular matrix,CC,3.166409333309658,1.2156926804080688,Inf,3.0323850851816134,0.025040756824101056,0.05753411984585123,5,102,366,22641,4.901960784313726,0.4486489542386174,both
Wang,RFX2_+_+,GO:0045785,positive regulation of cell adhesion,BP,8.172853783118933,1.4001292806955759,Inf,7.78844169246646,0.02731420523810195,0.06201931307004325,2,102,57,22641,1.9607843137254901,0.4486489542386174,both
Wang,RFX2_+_+,GO:0009966,regulation of signal transduction,BP,8.027267841451758,1.3756433483118058,Inf,7.654158215010142,0.02820797923373387,0.06330395339663532,2,102,58,22641,1.9607843137254901,0.4486489542386174,both
Wang,RFX2_+_+,GO:0016477,cell migration,BP,3.58032165866232,1.1924645940825533,Inf,3.4414044687642495,0.029396936403794725,0.06521389340152163,4,102,258,22641,3.9215686274509802,0.4486489542386174,both
Wang,RFX2_+_+,GO:0050679,positive regulation of epithelial cell proliferation,BP,7.368274996210748,1.264963984046154,Inf,7.046685340802988,0.03284923976560053,0.07204435539501025,2,102,63,22641,1.9607843137254901,0.4486489542386174,both
Wang,RFX2_+_+,GO:0007338,single fertilization,BP,7.134297603917064,1.2255219636530619,Inf,6.829864253393666,0.034783970756569464,0.07543040849458323,2,102,65,22641,1.9607843137254901,0.4486489542386174,both
Wang,RFX2_+_+,GO:0005856,cytoskeleton,CC,2.867293364014046,1.1014401666385278,Inf,2.7539775215297033,0.0357439297465253,0.0766508715675487,5,102,403,22641,4.901960784313726,0.4486489542386174,both
Wang,RFX2_+_+,GO:0035556,intracellular signal transduction,BP,2.809791229466954,1.0794458226383161,Inf,2.70037211965078,0.03837882912316996,0.08135874250165444,5,102,411,22641,4.901960784313726,0.4486489542386174,both
Wang,RFX2_+_+,GO:0045669,positive regulation of osteoblast differentiation,BP,6.706044184571129,1.1535701867024768,Inf,6.433930093776641,0.03878240575208398,0.08135874250165444,2,102,69,22641,1.9607843137254901,0.4486489542386174,both
Wang,RFX2_+_+,GO:0001666,response to hypoxia,BP,4.0587748999154725,1.0787004097850015,Inf,3.917128027681661,0.04162715982089554,0.0863875467250843,3,102,170,22641,2.941176470588235,0.4486489542386174,both
Wang,RFX2_+_+,GO:0031398,positive regulation of protein ubiquitination,BP,6.327484485265053,1.0895790383267658,Inf,6.081385979049154,0.042946746919359645,0.08817789527060013,2,102,73,22641,1.9607843137254901,0.4486489542386174,both
Wang,RFX2_+_+,GO:0051897,positive regulation of phosphatidylinositol 3-kinase/protein kinase B signal transduction,BP,3.828029877877967,1.017852169506559,Inf,3.6995098039215684,0.04791840886103873,0.09664307778997965,3,102,180,22641,2.941176470588235,0.4486489542386174,both
Wang,RFX2_+_+,GO:0030175,filopodium,CC,5.909966912027901,1.0189103431091673,Inf,5.691553544494721,0.04837469071519935,0.09664307778997965,2,102,78,22641,1.9607843137254901,0.4486489542386174,both
Wang,RFX2_+_+,GO:0036064,ciliary basal body,CC,3.8063702800065085,1.012138828220837,Inf,3.679070523236919,0.04857190956283951,0.09664307778997965,3,102,181,22641,2.941176470588235,0.4486489542386174,both
