GENE	ASC_Pfdr_noddid_perproband_new_DMN
KDM5B	5.33743724125343e-16
NRXN1	1.7664586364084e-15
GIGYF1	1.39125277955446e-14
KMT2C	4.30862071265441e-14
TAOK1	5.30375238446757e-13
FOXP2	2.41339897872105e-12
ANK2	4.26605156229905e-12
VEZF1	9.01949113215887e-12
TNRC6B	1.67174814359471e-11
PTPRS	1.78908688799412e-11
SCN8A	1.85017694206431e-11
PPP2CA	2.55793339717977e-11
DSCAM	3.26752697892818e-11
ITSN1	3.67700616173992e-11
SCAF1	3.78552641636637e-11
EP400	4.01025432188158e-11
MTOR	4.12655170005487e-11
LMTK3	4.36724152745346e-11
NRXN3	4.74921437651753e-11
KBTBD6	6.05816089331954e-11
MAF	6.72550503029462e-11
PTPRT	7.08053917213326e-11
MAP1A	7.26359264149268e-11
GSE1	8.03405908867864e-11
LEMD3	8.23653257874774e-11
TLE3	8.65372738294925e-11
JARID2	8.86857097867058e-11
UBR5	9.08766123535129e-11
LRRC4	1.0494934825683e-10
CAPRIN1	1.10009120924297e-10
ZBTB7A	1.26370446546881e-10
RALGAPB	1.29277033181646e-10
BCR	1.4144315317877e-10
GABRA4	1.64927244313736e-10
CELF4	1.72179831687715e-10
DIP2C	1.79685383709327e-10
ZCCHC14	2.08042669791669e-10
PLXNA1	2.12370172795727e-10
MAPK8IP3	2.21241243962434e-10
INTS6	2.30406359519546e-10
PHF2	2.44721261699217e-10
COL4A3BP	2.49647849273729e-10
EXT1	2.54653473885987e-10
BCAT1	2.75485404509217e-10
