GENE	ASC_Pfdr_noddid_perproband_new_DMN_fdr01
KDM5B	5.33743724125343e-16
NRXN1	1.7664586364084e-15
GIGYF1	1.39125277955446e-14
KMT2C	4.30862071265441e-14
TAOK1	5.30375238446757e-13
FOXP2	2.41339897872105e-12
ANK2	4.26605156229905e-12
VEZF1	9.01949113215887e-12
TNRC6B	1.67174814359471e-11
PTPRS	1.78908688799412e-11
SCN8A	1.85017694206431e-11
PPP2CA	2.55793339717977e-11
DSCAM	3.26752697892818e-11
ITSN1	3.67700616173992e-11
SCAF1	3.78552641636637e-11
EP400	4.01025432188158e-11
MTOR	4.12655170005487e-11
LMTK3	4.36724152745346e-11
NRXN3	4.74921437651753e-11
KBTBD6	6.05816089331954e-11
MAF	6.72550503029462e-11
PTPRT	7.08053917213326e-11
MAP1A	7.26359264149268e-11
GSE1	8.03405908867864e-11
LEMD3	8.23653257874774e-11
TLE3	8.65372738294925e-11
JARID2	8.86857097867058e-11
UBR5	9.08766123535129e-11
LRRC4	1.0494934825683e-10
CAPRIN1	1.10009120924297e-10
ZBTB7A	1.26370446546881e-10
RALGAPB	1.29277033181646e-10
BCR	1.4144315317877e-10
GABRA4	1.64927244313736e-10
CELF4	1.72179831687715e-10
DIP2C	1.79685383709327e-10
ZCCHC14	2.08042669791669e-10
PLXNA1	2.12370172795727e-10
MAPK8IP3	2.21241243962434e-10
INTS6	2.30406359519546e-10
PHF2	2.44721261699217e-10
COL4A3BP	2.49647849273729e-10
EXT1	2.54653473885987e-10
BCAT1	2.75485404509217e-10
SRPRA	2.86400584808464e-10
EMSY	2.91986421109666e-10
KCNC1	3.03419590366647e-10
PIK3CA	3.46288944877146e-10
CTNND2	3.52789402892906e-10
ABCA2	3.59387130334565e-10
AGO1	3.72878752824086e-10
APBB1	3.93873165891773e-10
PRH1	4.62592622362039e-10
KIAA0232	4.79092059204853e-10
CSDE1	5.04720924402405e-10
SMAD6	5.78464039772249e-10
RBBP5	5.8825721345208e-10
UBR3	5.98182594724415e-10
AMPD2	6.08241518006803e-10
RALGAPA1	6.28765373068365e-10
CDH13	6.39233018569003e-10
LONP1	6.82507136084706e-10
TNPO3	7.28094112456417e-10
SALL1	7.63857123182283e-10
RAC1	7.88469940158146e-10
SPAST	8.13713252295574e-10
DLGAP4	8.52786776623729e-10
G3BP1	8.93347315875908e-10
FBXL16	9.07205189621954e-10
TRAPPC8	9.49813970308341e-10
GRM5	1.00910092548152e-09
UBR1	1.03983453486453e-09
INTS7	1.08733492244768e-09
HECTD4	1.1035484438801e-09
AGRN	1.13655579487935e-09
DSCAML1	1.18754348320085e-09
AHCYL2	1.22254009246698e-09
U2AF2	1.24034514324388e-09
LRFN4	1.29500876291777e-09
HNRNPUL2	1.37087448542352e-09
EPB41L1	1.3903854841032e-09
SORCS1	1.4101180369085e-09
CDKN1C	1.45025534342825e-09
TUT7	1.59799499624308e-09
PSMD11	1.80538717356862e-09
FUBP3	1.82969909631151e-09
STARD7	1.92958032652536e-09
DOP1A	2.00731590503236e-09
BCL9	2.06051696527737e-09
GABBR1	2.08753723654491e-09
HDGFL2	2.2847212155242e-09
SECISBP2L	2.34371199869008e-09
ZNRF1	2.37366089259142e-09
CASKIN1	2.43447727939431e-09
TLE4	2.52803349479862e-09
ASPHD2	2.59198633506383e-09
TNRC18	2.69033656324914e-09
SOBP	2.72377525672388e-09
NRDC	2.79165025373716e-09
PHF21B	2.82609149438695e-09
GBF1	2.89599389414848e-09
GAD2	2.93146006361547e-09
ZDHHC18	2.96727290682736e-09
UBN2	3.0768168996592e-09
USP15	3.22788424855853e-09
