GENE	ASC_Pfdr_ddid_new_DMN
SHANK3	7.61985302416055e-24
SCN2A	1.85731142941085e-21
ADNP	2.39192611502726e-20
PTEN	1.28764411970173e-19
ARID1B	4.52712898120528e-19
SYNGAP1	1.23542681232054e-18
GRIN2B	5.83023281113202e-18
DYRK1A	1.09050069293934e-17
ANKRD11	3.13858565638038e-17
STXBP1	7.50842637201617e-17
FOXP1	1.10347120509401e-16
DEAF1	1.57767957905097e-16
EHMT1	2.20251124694403e-16
ASXL3	3.01130787096297e-16
KMT2A	4.04200656759408e-16
TCF20	6.94561996831965e-16
SATB2	8.92006242868445e-16
DYNC1H1	1.13200573822515e-15
PPP2R5D	2.17593091854301e-15
TCF4	2.6580557319868e-15
CDK13	3.22210124984704e-15
CTCF	4.63684224897605e-15
MEF2C	5.50997855851664e-15
WAC	7.65018825598995e-15
CTNNB1	1.04092158932042e-14
AHDC1	1.20593837454131e-14
DLG4	1.59868271571028e-14
EBF3	2.37344511997975e-14
SLC6A1	2.68967088308459e-14
HNRNPU	3.42315931505029e-14
MED13L	3.84553652784173e-14
EP300	5.36854096710842e-14
BCL11A	6.62752313546448e-14
AUTS2	7.33995328844355e-14
BRAF	8.94852519735139e-14
MYT1L	9.85224383192519e-14
GABRA1	1.08275555170963e-13
ZEB2	1.42255770029248e-13
CNOT3	1.8427872563181e-13
GATAD2B	2.00302998464808e-13
TRIP12	2.75922276859909e-13
RAI1	2.97997995807869e-13
TBL1XR1	3.21464809903875e-13
IRF2BPL	3.72832697038339e-13
ACTB	4.30567860637218e-13
KCNQ3	7.37181817100685e-13
SOX5	7.85375447411493e-13
SON	8.36057664919092e-13
DNM1	9.45270980175759e-13
SMARCA2	1.19791090426448e-12
SYNCRIP	1.26881463926991e-12
PUF60	1.34303721083506e-12
CAMTA1	1.42069381691819e-12
GRIN1	1.5867831375603e-12
POU3F3	1.76805745549115e-12
TM9SF4	2.29447128894766e-12
CSNK2A1	2.53720847217827e-12
TUBB2A	2.66604857901741e-12
KMT2E	2.80007110415287e-12
SIN3A	3.55344660721949e-12
NSD1	3.89673090868756e-12
KCNB1	4.66286265921797e-12
NR2F1	5.78518605862932e-12
SOX11	6.03358302506473e-12
SKI	6.29044115500565e-12
PACS1	6.55597484185982e-12
CREBBP	6.83040207213402e-12
CHD7	7.40682725387698e-12
SETD1B	7.70927941297475e-12
WDR26	8.34382618716921e-12
EEF1A2	9.37335526384936e-12
FOXG1	9.7382414410068e-12
ZNF865	1.01144052258412e-11
CACNA1A	1.05021061026187e-11
TRIO	1.13131768588031e-11
YWHAG	1.26230271274932e-11
PBX1	1.30856231292852e-11
FBXW11	1.40515045058236e-11
MSL2	1.50736056158159e-11
SETBP1	1.72962149867821e-11
TUBB3	1.97736378484346e-11
HIVEP2	2.04352806186054e-11
USP7	2.18117043369649e-11
FBXO11	2.25271873801144e-11
YLPM1	2.32613269394646e-11
ZBTB34	2.47870306276665e-11
KCNA2	2.63917723225363e-11
PPP2R1A	2.89537358639e-11
HIST1H1E	2.98505767585747e-11
NR4A2	3.46743259662901e-11
ARID1A	3.89659426817838e-11
EGR3	4.61903520221553e-11
GNB1	4.88231265372652e-11
PTK2	5.15746238470566e-11
KANSL1	5.29961312994045e-11
SMARCB1	5.44488156699874e-11
PCLO	5.74497613737375e-11
RAB14	5.89990596856579e-11
NFIB	6.21979416152617e-11
YY1	6.38485958884723e-11
MAGEL2	6.55341155970864e-11
CAMK2A	7.83558769040208e-11
KMT2D	9.31106081450721e-11
CHAMP1	9.53883299133295e-11
EFTUD2	9.77104165769649e-11
ADGRB1	1.00077513251339e-10
PTCH1	1.02490271278439e-10
HNRNPD	1.15262218311781e-10
PSMD12	1.32236865453698e-10
GNAI1	1.47860437475193e-10
TRAF7	1.51155272526729e-10
ACTG1	1.57921171179832e-10
SRSF1	1.61393792283815e-10
ZBTB18	1.83535067706654e-10
GNAO1	1.8745046239302e-10
PPM1D	1.91432405616082e-10
HSF2	1.95481742318757e-10
KIF1A	1.99599324569182e-10
ZNF644	2.03786011590669e-10
CXXC1	2.25786595717292e-10
GRIK3	2.70154081925998e-10
