GENE	ASC_Pfdr_noddid_new_DMN
CHD8	2.84952768190622e-18
CHD2	1.90232267318912e-17
POGZ	4.94751339204038e-17
KDM5B	5.33743724125343e-16
KDM6B	1.42109801880786e-15
NRXN1	1.7664586364084e-15
TLK2	3.87809272203113e-15
NAA15	6.50997678577855e-15
KMT5B	8.94487027011321e-15
GIGYF1	1.39125277955446e-14
NF1	1.83015158867475e-14
ASH1L	2.08769127850947e-14
CUL3	3.03874375380288e-14
KMT2C	4.30862071265441e-14
SETD5	4.81528653098668e-14
TBR1	5.97152630999835e-14
MARK2	8.11238286547579e-14
TSC2	1.18786331839495e-13
SCN1A	1.30098089300551e-13
DNMT3A	1.553059678362e-13
BRSK2	1.69296957705106e-13
MBD5	2.17423273747188e-13
NR3C2	2.35694849559955e-13
PPP3CA	2.55174854366749e-13
DLL1	3.46387467615984e-13
SRCAP	4.00869235743703e-13
TANC2	4.62001417811386e-13
ZNF292	4.9524485240225e-13
TAOK1	5.30375238446757e-13
CLTC	5.67471808741281e-13
MED13	6.06615984701305e-13
AP2S1	6.47891406222232e-13
RORB	6.91383961541313e-13
SMAD4	8.89323649869311e-13
CIC	1.00399966128818e-12
SHANK2	1.06561215606181e-12
PTPN11	1.13021341462778e-12
ZBTB20	1.67545955075421e-12
PHF21A	1.86470553171334e-12
TCF12	1.96553524539576e-12
WDFY3	2.07068087842689e-12
SMARCA4	2.18027955849042e-12
FOXP2	2.41339897872105e-12
SPEN	2.9394308776021e-12
ZMYM2	3.08428578437316e-12
RFX3	3.23479679435317e-12
RFX7	3.39112799219744e-12
KCNQ2	3.72192304328184e-12
QRICH1	4.07804704607263e-12
ANK2	4.26605156229905e-12
SETD1A	4.4609278583487e-12
GRIN2A	4.87204604381319e-12
GRIA2	5.08867147484667e-12
SPTBN1	5.31293582873362e-12
PRR12	5.54503942548969e-12
TCF7L2	7.11394445533601e-12
CSNK1E	8.02153359055769e-12
KCNMA1	8.67639737587299e-12
VEZF1	9.01949113215887e-12
GABRB3	1.09016075075705e-11
NBEA	1.17370855862079e-11
ATAT1	1.3561684942897e-11
BRD4	1.45553779468199e-11
NSD2	1.56064921138316e-11
ARF3	1.61543463228926e-11
TNRC6B	1.67174814359471e-11
PTPRS	1.78908688799412e-11
SCN8A	1.85017694206431e-11
KCND3	1.91292473446994e-11
ZMYND8	2.11145198623212e-11
CNOT1	2.40144856027497e-11
PPP2CA	2.55793339717977e-11
ZNF536	2.72247271270102e-11
SETD2	3.17109355569292e-11
DSCAM	3.26752697892818e-11
XPO1	3.3662926391617e-11
ZFHX3	3.57098941447361e-11
ITSN1	3.67700616173992e-11
SCAF1	3.78552641636637e-11
EP400	4.01025432188158e-11
MTOR	4.12655170005487e-11
EMC7	4.24553204614374e-11
LMTK3	4.36724152745346e-11
PHF12	4.49172683814243e-11
NRXN3	4.74921437651753e-11
NCKAP1	5.01837886534746e-11
PSMC5	5.59331871262875e-11
KBTBD6	6.05816089331954e-11
MAF	6.72550503029462e-11
ATP2B2	6.9011955315418e-11
PTPRT	7.08053917213326e-11
MAP1A	7.26359264149268e-11
SYT1	7.45041321277849e-11
CGREF1	7.64105874587808e-11
GSE1	8.03405908867864e-11
LEMD3	8.23653257874774e-11
GABBR2	8.44306839735565e-11
TLE3	8.65372738294925e-11
JARID2	8.86857097867058e-11
UBR5	9.08766123535129e-11
LRRC4	1.0494934825683e-10
GSK3B	1.07455408071597e-10
CAPRIN1	1.10009120924297e-10
TRIM8	1.1261116336291e-10
FBXW7	1.20714129499227e-10
MEIS2	1.23516383737888e-10
ZBTB7A	1.26370446546881e-10
RALGAPB	1.29277033181646e-10
SLTM	1.38319187115783e-10
BCR	1.4144315317877e-10
SPPL3	1.54508591982148e-10
GABRA4	1.64927244313736e-10
NACC1	1.68522323174797e-10
CELF4	1.72179831687715e-10
RANBP2	1.75900579618684e-10
DIP2C	1.79685383709327e-10
ZCCHC14	2.08042669791669e-10
PLXNA1	2.12370172795727e-10
BRD1	2.16769401471443e-10
MAPK8IP3	2.21241243962434e-10
INTS6	2.30406359519546e-10
TAF4	2.35101445517624e-10
MAP1B	2.39872771254812e-10
PHF2	2.44721261699217e-10
COL4A3BP	2.49647849273729e-10
EXT1	2.54653473885987e-10
MKX	2.64905631457787e-10
BCAT1	2.75485404509217e-10
