region,structure,obs,z_vs_bg,p_emp,fdr
transversetemporal,cortex,0.3430308502367683,12.473230701672453,9.999000099990002e-05,0.00023331000233310005
lateraloccipital,cortex,0.30933169967628776,10.520264906753201,9.999000099990002e-05,0.00023331000233310005
lingual,cortex,0.262985198586773,10.364413273669612,9.999000099990002e-05,0.00023331000233310005
precuneus,cortex,0.07069003780479488,10.27458424021272,9.999000099990002e-05,0.00023331000233310005
bankssts,cortex,0.15876380210598437,9.510067464475034,9.999000099990002e-05,0.00023331000233310005
fusiform,cortex,0.032405353599781216,8.019124926907432,9.999000099990002e-05,0.00023331000233310005
cuneus,cortex,0.18044050346664053,7.556436444475738,9.999000099990002e-05,0.00023331000233310005
supramarginal,cortex,0.11607830688300096,7.524506718941734,9.999000099990002e-05,0.00023331000233310005
rostralmiddlefrontal,cortex,0.14944022320208106,7.162674582636834,9.999000099990002e-05,0.00023331000233310005
inferiorparietal,cortex,0.12409609701953866,6.427187073648251,9.999000099990002e-05,0.00023331000233310005
inferiortemporal,cortex,0.010139022844197985,6.073055069082888,9.999000099990002e-05,0.00023331000233310005
superiorfrontal,cortex,0.09845912624636736,6.039487829809844,9.999000099990002e-05,0.00023331000233310005
superiorparietal,cortex,0.10833968658763087,6.01779770148497,9.999000099990002e-05,0.00023331000233310005
pericalcarine,cortex,0.22784035861380283,5.985554547930447,9.999000099990002e-05,0.00023331000233310005
middletemporal,cortex,-0.02834703196964519,5.681622189751554,9.999000099990002e-05,0.00023331000233310005
superiortemporal,cortex,0.08060772585385678,5.474231435028714,9.999000099990002e-05,0.00023331000233310005
isthmuscingulate,cortex,0.0289320666583621,4.770282847364072,9.999000099990002e-05,0.00023331000233310005
rostralanteriorcingulate,cortex,0.1483060113892764,4.502466068216955,9.999000099990002e-05,0.00023331000233310005
lateralorbitofrontal,cortex,0.1530187161046781,3.8721759916415985,0.00019998000199980003,0.0004199580041995801
caudalmiddlefrontal,cortex,0.057537360374613114,3.6293342542843456,0.00029997000299970003,0.0005726700057267
posteriorcingulate,cortex,0.08814319174275756,3.5743002171318428,0.00029997000299970003,0.0005726700057267
postcentral,cortex,0.2041570347549711,3.5532609158683877,0.00019998000199980003,0.0004199580041995801
parahippocampal,cortex,0.0626057141341326,3.4983265800011343,0.0005999400059994001,0.0010955426196510782
precentral,cortex,0.17007108342051758,3.349595209882836,0.0007999200079992001,0.0013998600139986002
medialorbitofrontal,cortex,0.06884738388438448,2.64851865517224,0.0032996700329967,0.005543445655434456
parsopercularis,cortex,0.25595573555725903,1.2493945985384576,0.10618938106189381,0.17153669248459769
parstriangularis,cortex,0.14514137492368323,1.1729396115572142,0.12468753124687532,0.1939583819395838
frontalpole,cortex,0.090233352243419,-0.2945952158879794,0.6135386461353864,0.9203079692030797
caudalanteriorcingulate,cortex,-0.17063003482159347,-1.5036945881437898,0.9308069193080692,1.0
paracentral,cortex,-0.08626254883475878,-2.074867175657202,0.9797020297970203,1.0
entorhinal,cortex,-0.010426266388046045,-2.3125968725190655,0.9902009799020098,1.0
insula,cortex,-0.01757754291675937,-2.6997897249750236,0.9963003699630038,1.0
hippocampus,subcortex/brainstem,-0.34228842697131046,-2.759851323925376,0.998000199980002,1.0
parsorbitalis,cortex,-0.09833165257345122,-5.3687029149441745,1.0,1.0
caudate,subcortex/brainstem,-0.2615000112938934,-5.505076464066523,1.0,1.0
temporalpole,cortex,-0.11419568163482877,-6.108810459626097,1.0,1.0
putamen,subcortex/brainstem,-0.3898220358466412,-6.418315124279711,1.0,1.0
thalamusproper,subcortex/brainstem,-0.37538420373703485,-7.106419114794743,1.0,1.0
pallidum,subcortex/brainstem,-0.26866869205145116,-7.47340379771063,1.0,1.0
brainstem,subcortex/brainstem,-0.6986515657256296,-7.867950734040132,1.0,1.0
amygdala,subcortex/brainstem,-0.6642127538322984,-9.331002689836488,1.0,1.0
accumbensarea,subcortex/brainstem,-0.5686243521810326,-12.512646167387926,1.0,1.0
